,Customer_ID,Age,Gender,City,Income,Customer_Since,Spending_Score
0,CUST1000,68,Female,New York,93792.0,2022-02-16,79.0
1,CUST1001,43,Male,Los Angeles,138681.0,2022-09-23,74.0
2,CUST1002,73,Male,Houston,30858.0,2022-07-30,32.0
3,CUST1003,25,Female,New York,138103.0,2022-05-02,36.0
5,CUST1005,83,Female,New York,84013.0,2022-12-22,35.0
6,CUST1006,33,Female,Los Angeles,24485.0,2022-12-07,7.0
7,CUST1007,38,Female,Los Angeles,66049.0,2022-04-13,78.0
8,CUST1008,80,Other,New York,92377.0,2022-02-20,57.0
9,CUST1009,81,Female,New York,76191.0,2023-03-05,93.0
10,CUST1010,64,Female,New York,104191.0,2023-09-20,96.0
11,CUST1011,82,Female,Houston,82632.0,2023-08-10,44.0
12,CUST1012,16,Female,Los Angeles,102535.0,2023-02-28,68.0
13,CUST1013,29,Male,Houston,55511.0,2022-07-19,30.0
14,CUST1014,79,Male,Houston,117964.0,2023-08-25,60.0
15,CUST1015,41,Male,Houston,31022.0,2023-07-03,79.0
16,CUST1016,65,Female,New York,114649.0,2022-02-03,37.0
17,CUST1017,88,Male,New York,128272.0,2022-02-17,20.0
18,CUST1018,43,Female,New York,48272.0,2023-07-28,27.0
19,CUST1019,27,Female,New York,127894.0,2022-04-05,22.0
20,CUST1020,31,Other,New York,135756.0,2022-01-09,28.0
22,CUST1022,31,Female,Houston,40235.0,2023-10-31,75.0
23,CUST1023,73,Female,Los Angeles,31871.0,2022-10-29,9.0
24,CUST1024,36,Female,Houston,23804.0,2022-03-26,33.0
25,CUST1025,22,Other,Houston,113560.0,2022-08-13,76.0
26,CUST1026,62,Female,New York,113274.0,2023-05-06,81.0
27,CUST1027,31,Female,Houston,83046.0,2022-09-05,48.0
28,CUST1028,60,Female,New York,72020.0,2023-04-13,43.0
29,CUST1029,61,Female,Los Angeles,84013.0,2023-11-30,19.0
30,CUST1030,73,Female,Los Angeles,141486.0,2023-11-21,47.0
31,CUST1031,38,Female,Houston,136442.0,2022-09-18,46.0
32,CUST1032,24,Male,New York,143430.0,2022-05-25,20.0
34,CUST1034,42,Male,New York,108418.0,2023-02-09,6.0
35,CUST1035,81,Male,Los Angeles,84013.0,2022-01-22,59.0
36,CUST1036,19,Female,Houston,106822.0,2022-05-22,41.0
38,CUST1038,56,Female,Los Angeles,84013.0,2023-05-11,54.0
39,CUST1039,65,Other,Houston,144737.0,2022-02-19,72.0
40,CUST1040,82,Male,Los Angeles,106673.0,2022-09-24,16.0
42,CUST1042,20,Female,Houston,144816.0,2023-05-26,78.0
43,CUST1043,31,Other,New York,36845.0,2022-06-07,30.0
44,CUST1044,58,Male,New York,117722.0,2022-07-26,44.0
45,CUST1045,33,Female,Houston,22837.0,2022-10-16,76.0
47,CUST1047,51,Female,Houston,22138.0,2023-05-29,95.0
48,CUST1048,36,Male,Houston,66390.0,2023-01-08,35.0
50,CUST1050,17,Male,New York,78178.0,2022-06-21,96.0
51,CUST1051,77,Female,New York,124462.0,2023-06-18,12.0
52,CUST1052,23,Female,Los Angeles,22544.0,2023-02-25,67.0
53,CUST1053,43,Female,Houston,80753.0,2023-09-06,37.0
54,CUST1054,17,Female,Los Angeles,84013.0,2023-01-20,11.0
55,CUST1055,37,Female,New York,34929.0,2022-09-18,22.0
56,CUST1056,74,Male,Houston,147230.0,2023-06-29,12.0
57,CUST1057,33,Other,Houston,106316.0,2022-07-08,34.0
58,CUST1058,60,Female,Houston,22030.0,2022-10-15,68.0
59,CUST1059,82,Female,Los Angeles,138821.0,2022-05-03,80.0
60,CUST1060,59,Male,Houston,109940.0,2023-11-01,49.0
61,CUST1061,66,Male,Los Angeles,118819.0,2022-04-20,88.0
62,CUST1062,40,Female,Houston,33699.0,2023-11-17,2.0
63,CUST1063,80,Female,Los Angeles,41296.0,2023-05-29,46.0
64,CUST1064,57,Male,New York,88878.0,2023-03-23,76.0
65,CUST1065,57,Male,Houston,27748.0,2022-05-15,69.0
66,CUST1066,25,Female,Houston,107162.0,2023-12-16,60.0
67,CUST1067,65,Female,New York,144273.0,2023-10-15,59.0
69,CUST1069,65,Female,Houston,97919.0,2022-09-12,13.0
70,CUST1070,40,Other,New York,40325.0,2022-01-11,90.0
71,CUST1071,39,Male,Houston,56318.0,2022-02-19,68.0
72,CUST1072,54,Male,New York,84013.0,2023-11-15,16.0
73,CUST1073,69,Female,Los Angeles,59123.0,2023-12-30,82.0
74,CUST1074,84,Male,Los Angeles,81793.0,2023-11-10,85.0
75,CUST1075,40,Female,New York,125848.0,2022-02-02,68.0
76,CUST1076,74,Female,New York,124692.0,2023-07-02,66.0
77,CUST1077,42,Female,New York,99360.0,2023-03-16,69.0
78,CUST1078,63,Male,Los Angeles,63273.0,2023-12-06,11.0
79,CUST1079,59,Female,Los Angeles,24023.0,2023-12-20,33.0
80,CUST1080,34,Female,Los Angeles,135313.0,2023-06-28,22.0
81,CUST1081,36,Male,Houston,143322.0,2023-05-02,48.0
82,CUST1082,62,Female,Houston,84013.0,2023-02-04,47.0
83,CUST1083,24,Female,Los Angeles,100157.0,2022-09-17,47.0
84,CUST1084,74,Female,Los Angeles,98511.0,2022-01-23,78.0
85,CUST1085,58,Female,Houston,147111.0,2022-02-02,2.0
86,CUST1086,89,Female,New York,84013.0,2023-05-17,62.0
87,CUST1087,33,Female,Houston,52966.0,2023-06-05,5.0
88,CUST1088,18,Female,New York,118258.0,2023-01-05,82.0
89,CUST1089,70,Male,Los Angeles,120211.0,2022-11-08,84.0
90,CUST1090,88,Female,New York,73144.0,2022-10-03,70.0
91,CUST1091,50,Female,New York,143048.0,2022-07-02,66.0
92,CUST1092,40,Female,Los Angeles,141396.0,2022-07-07,47.0
94,CUST1094,21,Male,Los Angeles,72462.0,2023-07-22,91.0
95,CUST1095,26,Male,Los Angeles,147788.0,2023-02-28,92.0
96,CUST1096,61,Male,New York,90353.0,2023-10-13,98.0
97,CUST1097,59,Female,Los Angeles,146181.0,2023-07-30,71.0
98,CUST1098,79,Other,Houston,103987.0,2023-01-29,93.0
99,CUST1099,79,Male,Los Angeles,84013.0,2023-01-23,84.0
100,CUST1100,19,Female,Los Angeles,110332.0,2022-10-25,92.0
102,CUST1102,31,Female,Los Angeles,71556.0,2023-06-09,92.0
103,CUST1103,17,Female,New York,94870.0,2023-11-17,72.0
104,CUST1104,89,Female,New York,45428.0,2023-12-05,81.0
106,CUST1106,89,Other,Los Angeles,88184.0,2022-08-25,16.0
107,CUST1107,19,Other,New York,90562.0,2023-11-26,46.0
108,CUST1108,21,Other,Los Angeles,71770.0,2023-05-07,92.0
109,CUST1109,58,Male,Houston,34451.0,2022-08-31,56.0
110,CUST1110,78,Other,New York,49181.0,2023-12-22,43.0
112,CUST1112,89,Female,Los Angeles,73038.0,2022-12-27,80.0
113,CUST1113,63,Other,Houston,74213.0,2022-12-23,5.0
114,CUST1114,20,Female,Houston,112511.0,2022-04-04,88.0
115,CUST1115,39,Female,New York,143104.0,2023-08-06,69.0
116,CUST1116,26,Female,Houston,131455.0,2023-05-14,48.0
118,CUST1118,81,Female,Houston,66013.0,2023-07-15,5.0
119,CUST1119,71,Other,Los Angeles,71449.0,2022-07-16,30.0
120,CUST1120,53,Female,New York,112639.0,2022-03-30,33.0
121,CUST1121,30,Male,Los Angeles,113804.0,2023-12-23,12.0
122,CUST1122,43,Other,New York,37766.0,2023-03-13,96.0
123,CUST1123,55,Female,Houston,141950.0,2023-10-14,57.0
124,CUST1124,79,Male,Houston,127625.0,2023-08-30,61.0
125,CUST1125,19,Male,New York,84206.0,2023-08-11,84.0
126,CUST1126,34,Other,Los Angeles,68065.0,2022-10-06,1.0
127,CUST1127,79,Female,Houston,108434.0,2022-10-22,74.0
129,CUST1129,20,Other,Los Angeles,68302.0,2022-06-26,48.0
130,CUST1130,60,Male,New York,46601.0,2023-04-12,39.0
131,CUST1131,67,Female,Los Angeles,81946.0,2023-01-22,97.0
133,CUST1133,18,Male,Los Angeles,122067.0,2023-07-31,13.0
134,CUST1134,56,Male,Houston,60704.0,2023-03-15,59.0
135,CUST1135,77,Female,Houston,119574.0,2023-04-27,68.0
136,CUST1136,46,Female,New York,118990.0,2022-01-13,7.0
137,CUST1137,43,Female,Los Angeles,96777.0,2023-02-18,10.0
138,CUST1138,36,Female,Houston,114786.0,2023-04-17,33.0
143,CUST1143,54,Male,New York,100527.0,2022-04-02,48.0
144,CUST1144,46,Female,New York,120704.0,2023-05-11,87.0
145,CUST1145,68,Other,New York,84013.0,2022-06-22,93.0
146,CUST1146,60,Other,Los Angeles,78977.0,2023-12-22,60.0
147,CUST1147,29,Other,Houston,108717.0,2022-05-04,61.0
148,CUST1148,27,Female,Los Angeles,55483.0,2022-07-31,30.0
149,CUST1149,37,Other,New York,84013.0,2022-11-01,39.0
152,CUST1152,66,Male,Los Angeles,117724.0,2023-09-08,98.0
153,CUST1153,32,Female,Los Angeles,57666.0,2022-04-03,62.0
154,CUST1154,47,Female,Houston,119447.0,2023-08-15,77.0
155,CUST1155,73,Other,Houston,116801.0,2023-08-23,14.0
157,CUST1157,25,Female,Los Angeles,32463.0,2023-04-07,40.0
158,CUST1158,55,Other,Houston,67716.0,2023-04-08,89.0
159,CUST1159,39,Female,Los Angeles,80607.0,2022-05-12,9.0
160,CUST1160,48,Male,Los Angeles,64012.0,2023-10-17,61.0
161,CUST1161,30,Female,Los Angeles,39614.0,2022-06-04,63.0
163,CUST1163,42,Male,New York,84013.0,2023-10-13,82.0
164,CUST1164,49,Female,New York,105675.0,2022-06-03,41.0
165,CUST1165,86,Other,New York,66466.0,2023-12-18,37.0
166,CUST1166,20,Female,New York,84013.0,2022-05-30,90.0
167,CUST1167,50,Male,Los Angeles,101318.0,2023-05-10,53.0
169,CUST1169,64,Female,New York,34570.0,2022-09-21,15.0
170,CUST1170,16,Male,Houston,38650.0,2023-09-14,61.0
171,CUST1171,74,Other,Los Angeles,147487.0,2022-04-05,5.0
172,CUST1172,31,Male,Los Angeles,84013.0,2022-04-30,76.0
173,CUST1173,42,Male,Los Angeles,61479.0,2023-01-01,45.0
174,CUST1174,49,Male,Los Angeles,90906.0,2023-01-26,65.0
175,CUST1175,60,Female,New York,140197.0,2022-05-09,45.0
176,CUST1176,79,Female,Los Angeles,84013.0,2023-09-30,8.0
177,CUST1177,59,Male,Houston,131463.0,2022-09-14,7.0
178,CUST1178,89,Female,New York,62427.0,2023-11-02,96.0
181,CUST1181,51,Male,Houston,137928.0,2022-04-17,64.0
182,CUST1182,34,Female,Los Angeles,84013.0,2023-01-01,1.0
183,CUST1183,53,Other,Houston,114709.0,2023-07-15,29.0
184,CUST1184,33,Female,Houston,131143.0,2023-04-30,99.0
185,CUST1185,79,Other,New York,22159.0,2022-10-14,54.0
187,CUST1187,74,Male,Houston,59206.0,2022-05-14,44.0
188,CUST1188,35,Female,Houston,40538.0,2023-12-29,24.0
189,CUST1189,84,Male,New York,67333.0,2022-12-13,39.0
191,CUST1191,79,Female,New York,77949.0,2023-11-28,86.0
192,CUST1192,21,Female,Los Angeles,108956.0,2023-03-15,76.0
193,CUST1193,34,Female,New York,36301.0,2022-06-30,44.0
194,CUST1194,26,Male,New York,49198.0,2023-01-24,58.0
195,CUST1195,74,Female,Houston,71853.0,2022-01-18,100.0
196,CUST1196,29,Female,Los Angeles,102702.0,2023-11-21,6.0
197,CUST1197,54,Female,Los Angeles,69176.0,2023-07-08,46.0
198,CUST1198,29,Male,Houston,149566.0,2022-12-05,8.0
199,CUST1199,45,Female,Los Angeles,147706.0,2022-12-12,55.0
200,CUST1200,18,Female,New York,84013.0,2022-01-14,13.0
201,CUST1201,47,Male,Houston,84013.0,2022-03-21,10.0
202,CUST1202,59,Male,Los Angeles,41292.0,2022-12-05,90.0
203,CUST1203,35,Female,Los Angeles,71911.0,2022-01-20,11.0
204,CUST1204,26,Female,New York,124463.0,2023-06-21,40.0
205,CUST1205,78,Female,Houston,71092.0,2023-05-13,38.0
206,CUST1206,66,Male,New York,84013.0,2022-10-26,63.0
207,CUST1207,33,Female,Houston,55442.0,2023-07-23,86.0
208,CUST1208,58,Male,New York,103442.0,2023-03-30,11.0
209,CUST1209,69,Other,Los Angeles,26073.0,2023-02-11,42.0
210,CUST1210,69,Male,New York,36850.0,2023-08-22,72.0
211,CUST1211,89,Male,Los Angeles,71533.0,2023-11-14,4.0
212,CUST1212,43,Female,Los Angeles,103228.0,2023-07-30,64.0
213,CUST1213,50,Male,New York,84013.0,2022-04-08,17.0
214,CUST1214,55,Male,Los Angeles,125211.0,2022-03-24,36.0
216,CUST1216,150,Female,Los Angeles,139665.0,2022-09-08,40.0
217,CUST1217,36,Female,Houston,42977.0,2022-01-26,32.0
218,CUST1218,75,Male,Houston,60963.0,2023-01-12,82.0
219,CUST1219,73,Female,Houston,20184.0,2023-06-28,74.0
220,CUST1220,34,Male,New York,25508.0,2023-10-10,82.0
222,CUST1222,26,Male,New York,49871.0,2023-02-10,23.0
223,CUST1223,44,Female,New York,84013.0,2022-09-24,13.0
224,CUST1224,67,Female,Los Angeles,74341.0,2022-04-23,20.0
225,CUST1225,69,Male,Los Angeles,91788.0,2022-02-02,56.0
226,CUST1226,72,Male,Houston,39458.0,2023-01-09,29.0
227,CUST1227,36,Female,Houston,96610.0,2023-03-21,81.0
228,CUST1228,75,Female,Houston,78131.0,2023-02-21,51.0
229,CUST1229,25,Female,Houston,47183.0,2023-12-08,42.0
230,CUST1230,78,Female,Houston,120764.0,2022-12-05,46.0
231,CUST1231,72,Male,Houston,78683.0,2023-02-11,3.0
232,CUST1232,80,Male,New York,119367.0,2023-02-22,12.0
233,CUST1233,30,Female,Los Angeles,64583.0,2022-05-20,31.0
234,CUST1234,79,Female,New York,35273.0,2022-05-29,35.0
236,CUST1236,71,Male,Houston,65810.0,2022-03-20,61.0
239,CUST1239,28,Female,Houston,142956.0,2022-09-19,48.0
240,CUST1240,33,Female,Los Angeles,68697.0,2022-07-13,8.0
242,CUST1242,16,Male,Houston,75097.0,2022-03-06,39.0
243,CUST1243,30,Female,New York,26721.0,2023-03-28,56.0
244,CUST1244,24,Other,New York,120348.0,2023-06-04,12.0
245,CUST1245,85,Male,New York,122300.0,2022-05-06,52.0
246,CUST1246,69,Male,New York,144795.0,2022-08-06,46.0
247,CUST1247,37,Female,Los Angeles,42128.0,2022-04-03,80.0
248,CUST1248,78,Female,New York,114369.0,2022-07-22,54.0
249,CUST1249,73,Male,New York,105601.0,2022-02-25,69.0
250,CUST1250,23,Other,Houston,79885.0,2022-01-30,34.0
251,CUST1251,29,Other,Los Angeles,123157.0,2023-04-30,79.0
252,CUST1252,73,Male,Houston,83776.0,2022-02-28,12.0
253,CUST1253,46,Female,Los Angeles,87587.0,2023-05-19,19.0
255,CUST1255,84,Male,New York,65000.0,2022-01-29,3.0
256,CUST1256,57,Male,New York,146721.0,2022-06-17,26.0
257,CUST1068,56,Female,Houston,58254.0,2022-10-13,96.0
258,CUST1258,35,Female,New York,84013.0,2022-12-24,48.0
259,CUST1259,37,Male,Houston,84013.0,2022-02-18,46.0
260,CUST1260,79,Female,Los Angeles,127013.0,2023-02-27,71.0
261,CUST1261,72,Female,Los Angeles,61781.0,2023-06-30,72.0
262,CUST1262,67,Female,New York,87326.0,2023-05-26,56.0
263,CUST1263,150,Female,New York,98684.0,2023-10-22,36.0
264,CUST1264,29,Other,Los Angeles,117607.0,2022-05-20,22.0
265,CUST1265,79,Other,Houston,91843.0,2022-08-24,95.0
268,CUST1268,89,Female,Los Angeles,123137.0,2022-03-18,7.0
269,CUST1269,24,Male,Houston,137245.0,2022-09-02,73.0
270,CUST1270,89,Female,New York,98106.0,2023-06-16,25.0
271,CUST1271,39,Female,Los Angeles,110732.0,2022-08-23,27.0
272,CUST1272,68,Female,Los Angeles,117216.0,2022-08-30,46.0
273,CUST1273,45,Other,Los Angeles,79202.0,2023-01-01,72.0
274,CUST1274,34,Male,Los Angeles,127674.0,2022-09-26,16.0
275,CUST1275,62,Male,Houston,65330.0,2023-01-05,2.0
276,CUST1276,84,Female,New York,28651.0,2022-05-07,10.0
277,CUST1277,84,Other,New York,116527.0,2023-07-21,11.0
278,CUST1278,81,Other,Los Angeles,112487.0,2023-02-04,13.0
279,CUST1279,83,Other,Los Angeles,115503.0,2022-09-19,56.0
280,CUST1280,70,Male,New York,84013.0,2023-05-16,81.0
281,CUST1281,81,Female,Los Angeles,148453.0,2023-08-16,54.0
282,CUST1282,20,Male,Los Angeles,124274.0,2023-01-02,94.0
283,CUST1283,38,Female,Houston,84013.0,2023-11-10,85.0
284,CUST1284,27,Female,New York,82096.0,2023-04-12,2.0
285,CUST1285,84,Female,Los Angeles,34129.0,2023-12-24,44.0
286,CUST1286,51,Other,New York,42970.0,2023-04-12,100.0
287,CUST1287,46,Female,Houston,130377.0,2023-06-22,15.0
288,CUST1288,55,Other,Houston,82852.0,2022-12-20,94.0
289,CUST1289,51,Female,New York,119323.0,2023-06-27,78.0
290,CUST1290,25,Male,Los Angeles,107262.0,2022-12-27,85.0
295,CUST1295,56,Female,Los Angeles,88447.0,2022-09-18,16.0
296,CUST1296,66,Other,Houston,62587.0,2022-02-27,64.0
297,CUST1297,50,Female,Houston,117894.0,2022-10-26,16.0
298,CUST1298,72,Female,New York,141225.0,2023-03-16,83.0
299,CUST1299,24,Female,Los Angeles,61453.0,2023-10-31,40.0
300,CUST1300,64,Female,Houston,137192.0,2023-03-05,68.0
301,CUST1301,26,Male,New York,77373.0,2023-12-15,5.0
302,CUST1302,73,Female,Houston,102739.0,2023-05-17,1.0
303,CUST1303,61,Female,Los Angeles,116545.0,2023-08-29,72.0
304,CUST1304,54,Other,New York,53101.0,2023-11-14,61.0
305,CUST1305,85,Female,Los Angeles,144090.0,2023-09-07,78.0
306,CUST1306,16,Female,Houston,75659.0,2023-12-14,14.0
307,CUST1307,46,Male,Houston,38721.0,2022-10-09,44.0
308,CUST1308,53,Other,New York,21796.0,2023-08-12,90.0
309,CUST1309,28,Female,Los Angeles,84013.0,2023-04-22,61.0
310,CUST1310,71,Male,Houston,126469.0,2022-06-21,94.0
311,CUST1311,30,Male,Houston,79900.0,2022-02-03,17.0
312,CUST1312,74,Other,Houston,118436.0,2023-05-23,89.0
313,CUST1313,49,Female,New York,64500.0,2022-01-10,37.0
314,CUST1314,18,Male,Los Angeles,61697.0,2023-12-23,33.0
315,CUST1315,37,Male,Houston,113710.0,2022-01-07,42.0
316,CUST1316,24,Male,New York,30980.0,2023-02-06,69.0
317,CUST1317,75,Male,Los Angeles,52924.0,2023-01-25,61.0
318,CUST1318,40,Female,Los Angeles,121878.0,2023-06-25,1.0
319,CUST1319,38,Female,Los Angeles,66633.0,2023-03-28,19.0
320,CUST1320,71,Female,New York,89344.0,2022-05-15,35.0
321,CUST1321,45,Female,Houston,95931.0,2022-03-24,88.0
322,CUST1322,49,Female,Houston,87330.0,2023-11-01,87.0
323,CUST1323,78,Female,Los Angeles,101913.0,2022-07-27,69.0
325,CUST1325,63,Female,New York,99695.0,2023-02-24,88.0
326,CUST1326,50,Female,New York,90721.0,2022-10-22,64.0
327,CUST1327,60,Male,New York,75604.0,2023-02-17,75.0
329,CUST1329,50,Female,Houston,61505.0,2022-08-20,60.0
330,CUST1330,17,Other,Los Angeles,113286.0,2023-07-06,12.0
331,CUST1331,65,Female,New York,108312.0,2022-07-11,26.0
332,CUST1332,58,Male,New York,26117.0,2023-05-04,84.0
333,CUST1333,76,Female,Los Angeles,20816.0,2022-12-22,71.0
334,CUST1334,73,Male,Los Angeles,85799.0,2022-03-06,44.0
335,CUST1335,17,Female,Los Angeles,120699.0,2022-03-05,87.0
336,CUST1336,58,Male,Houston,64411.0,2022-06-10,69.0
337,CUST1337,84,Female,New York,66880.0,2023-04-19,2.0
338,CUST1338,39,Male,Houston,30594.0,2022-02-13,16.0
340,CUST1340,23,Female,New York,21444.0,2022-03-19,92.0
341,CUST1341,45,Female,Los Angeles,84013.0,2023-10-19,36.0
342,CUST1342,20,Female,Houston,27902.0,2022-06-01,14.0
343,CUST1343,34,Female,Los Angeles,106941.0,2022-08-15,71.0
344,CUST1344,34,Male,Los Angeles,69590.0,2022-12-05,79.0
345,CUST1345,61,Female,New York,108885.0,2022-01-08,81.0
346,CUST1346,57,Other,Houston,48776.0,2022-06-05,72.0
348,CUST1348,74,Male,New York,24123.0,2023-02-14,14.0
349,CUST1349,75,Female,New York,84013.0,2022-07-15,41.0
351,CUST1351,45,Other,Los Angeles,103773.0,2022-11-17,18.0
352,CUST1352,76,Male,New York,37620.0,2022-01-14,84.0
353,CUST1353,21,Male,New York,57622.0,2023-08-16,36.0
354,CUST1354,34,Female,Houston,138963.0,2023-10-21,30.0
355,CUST1355,41,Female,Houston,40065.0,2023-04-20,46.0
356,CUST1356,32,Male,New York,68672.0,2023-11-29,61.0
357,CUST1357,150,Other,Los Angeles,52993.0,2023-02-17,7.0
358,CUST1358,47,Female,New York,62866.0,2023-08-08,73.0
359,CUST1359,68,Male,Houston,106975.0,2022-06-04,30.0
360,CUST1360,49,Other,Los Angeles,139729.0,2023-02-24,15.0
361,CUST1361,85,Male,New York,121887.0,2022-08-30,89.0
362,CUST1362,73,Female,New York,108009.0,2023-07-23,10.0
363,CUST1363,35,Male,New York,79839.0,2022-01-27,60.0
364,CUST1364,29,Female,New York,32217.0,2023-09-20,47.0
366,CUST1366,83,Other,Los Angeles,84013.0,2022-03-18,29.0
367,CUST1367,45,Female,Los Angeles,57866.0,2022-01-23,53.0
369,CUST1369,50,Female,Houston,82291.0,2022-06-02,31.0
370,CUST1370,38,Male,Los Angeles,83727.0,2023-06-02,41.0
371,CUST1371,29,Male,Los Angeles,103749.0,2023-08-19,5.0
372,CUST1372,33,Female,Houston,49820.0,2022-08-30,92.0
373,CUST1373,86,Other,Los Angeles,52589.0,2023-11-07,18.0
374,CUST1374,86,Female,Houston,83022.0,2023-04-07,72.0
375,CUST1375,76,Female,Houston,125029.0,2023-05-10,13.0
376,CUST1376,44,Other,Los Angeles,132980.0,2023-11-18,17.0
377,CUST1377,86,Male,New York,54444.0,2023-02-26,35.0
378,CUST1378,27,Female,Los Angeles,135128.0,2023-02-14,47.0
379,CUST1379,54,Female,Houston,56973.0,2023-01-26,99.0
380,CUST1380,45,Male,New York,73404.0,2023-02-11,60.0
381,CUST1381,42,Male,Los Angeles,54209.0,2023-10-19,52.0
382,CUST1382,40,Female,Houston,25586.0,2023-06-26,69.0
383,CUST1383,65,Female,New York,101378.0,2023-02-06,84.0
384,CUST2033,67,Female,Houston,74658.0,2023-08-24,41.0
385,CUST1385,63,Other,Los Angeles,114056.0,2022-08-22,77.0
386,CUST1386,71,Male,Los Angeles,120764.0,2023-01-02,91.0
387,CUST1387,76,Male,Houston,112255.0,2022-08-21,48.0
388,CUST1388,70,Female,New York,140561.0,2022-07-08,19.0
389,CUST1389,38,Female,Los Angeles,126225.0,2023-11-07,29.0
391,CUST1391,78,Male,Houston,84013.0,2023-04-11,33.0
392,CUST1392,37,Male,New York,113279.0,2023-09-02,19.0
394,CUST1394,78,Female,Los Angeles,83512.0,2022-10-17,59.0
395,CUST1395,54,Other,Houston,117017.0,2023-11-20,89.0
396,CUST1396,42,Female,New York,108276.0,2022-11-28,58.0
397,CUST1397,23,Female,Los Angeles,46735.0,2023-08-15,41.0
398,CUST1398,65,Other,New York,81023.0,2022-03-19,31.0
399,CUST1399,81,Female,Los Angeles,36207.0,2023-08-23,81.0
400,CUST1400,79,Female,New York,109989.0,2022-08-24,81.0
402,CUST1402,52,Female,New York,112913.0,2023-12-14,19.0
403,CUST1403,67,Female,Los Angeles,136790.0,2023-04-20,85.0
405,CUST1405,65,Female,Houston,132926.0,2022-04-25,82.0
406,CUST1406,44,Male,New York,84013.0,2023-07-13,55.0
407,CUST1407,83,Female,Los Angeles,95599.0,2023-09-03,73.0
408,CUST1408,33,Female,Houston,40114.0,2022-12-06,36.0
409,CUST1409,34,Female,New York,59973.0,2022-08-10,67.0
410,CUST1410,48,Female,Los Angeles,138652.0,2023-04-01,19.0
411,CUST1411,75,Female,Los Angeles,84013.0,2022-09-14,83.0
412,CUST1412,64,Male,New York,84013.0,2022-04-13,82.0
413,CUST1413,79,Other,Houston,44533.0,2022-07-03,84.0
414,CUST1414,54,Female,Houston,145509.0,2023-06-11,94.0
415,CUST1415,89,Female,Houston,40564.0,2022-08-01,29.0
416,CUST1416,50,Female,Los Angeles,99646.0,2023-03-07,98.0
417,CUST1417,76,Female,Houston,140151.0,2023-10-08,22.0
418,CUST1418,69,Other,Los Angeles,103769.0,2022-12-04,94.0
419,CUST1419,26,Female,New York,116932.0,2022-06-10,4.0
421,CUST1421,69,Male,Los Angeles,148071.0,2022-01-04,83.0
422,CUST1422,25,Female,New York,84013.0,2023-03-28,98.0
423,CUST1423,34,Male,Los Angeles,94041.0,2022-12-13,53.0
424,CUST1424,29,Female,Los Angeles,34864.0,2022-10-04,33.0
425,CUST1425,41,Female,Los Angeles,84088.0,2022-12-15,58.0
426,CUST1426,29,Other,Houston,69975.0,2023-08-22,31.0
427,CUST1427,31,Male,New York,103383.0,2023-07-09,15.0
428,CUST1428,16,Female,Los Angeles,134613.0,2022-08-23,4.0
429,CUST1429,76,Other,Houston,32584.0,2023-11-12,51.0
430,CUST1430,25,Male,Houston,84013.0,2022-09-02,82.0
431,CUST1431,150,Female,Houston,97771.0,2022-07-10,89.0
432,CUST1432,25,Female,New York,57486.0,2022-08-10,10.0
434,CUST1434,36,Female,Los Angeles,64824.0,2023-03-31,51.0
435,CUST1435,47,Male,Houston,114115.0,2023-10-21,43.0
436,CUST1436,80,Male,Los Angeles,48023.0,2023-09-07,86.0
437,CUST1437,42,Female,Houston,88951.0,2022-05-27,71.0
438,CUST1438,46,Female,New York,127052.0,2023-04-02,3.0
439,CUST1439,45,Female,Los Angeles,137443.0,2022-06-30,28.0
441,CUST1441,47,Male,Houston,78914.0,2023-05-07,73.0
442,CUST1442,81,Other,Houston,95532.0,2023-09-18,53.0
443,CUST1443,53,Female,Houston,84013.0,2022-09-05,10.0
444,CUST1444,47,Other,New York,36685.0,2022-10-17,42.0
445,CUST1445,65,Female,Houston,145512.0,2023-07-21,36.0
449,CUST1449,27,Male,Los Angeles,53426.0,2023-12-10,50.0
450,CUST1450,19,Female,Houston,65438.0,2022-05-02,21.0
451,CUST1451,16,Female,New York,23260.0,2022-08-30,83.0
452,CUST1452,16,Female,Los Angeles,25455.0,2023-08-23,53.0
454,CUST1454,150,Female,Los Angeles,32660.0,2023-05-02,8.0
456,CUST1456,67,Male,Los Angeles,21785.0,2022-09-03,46.0
457,CUST1457,42,Female,Los Angeles,38578.0,2023-02-24,88.0
458,CUST1263,24,Female,Houston,77864.0,2022-12-20,57.0
459,CUST1459,150,Male,Houston,134455.0,2023-04-08,38.0
460,CUST1460,23,Other,Houston,34693.0,2022-03-24,46.0
461,CUST1461,86,Female,New York,56403.0,2022-01-08,90.0
462,CUST1462,30,Other,New York,147445.0,2023-08-14,93.0
464,CUST1464,150,Female,New York,104831.0,2023-03-18,40.0
466,CUST1466,29,Male,Houston,63292.0,2023-11-10,91.0
468,CUST1468,37,Female,New York,101572.0,2023-08-20,12.0
469,CUST1469,66,Male,Los Angeles,45788.0,2022-10-03,92.0
470,CUST1470,55,Female,Houston,100427.0,2023-09-24,71.0
471,CUST1471,37,Female,Houston,131752.0,2022-07-03,98.0
472,CUST1472,47,Other,Houston,130660.0,2022-10-23,54.0
473,CUST1473,19,Female,Houston,95211.0,2022-07-02,79.0
474,CUST1474,63,Female,Los Angeles,134702.0,2023-03-29,31.0
475,CUST1475,42,Male,Los Angeles,30322.0,2022-08-09,92.0
476,CUST1476,61,Female,New York,147370.0,2023-10-30,25.0
477,CUST1477,16,Female,Los Angeles,105486.0,2022-08-20,85.0
478,CUST1478,56,Male,New York,27748.0,2023-02-22,24.0
479,CUST1479,18,Female,New York,38915.0,2023-03-30,77.0
480,CUST1480,19,Male,New York,130629.0,2022-05-23,18.0
482,CUST1482,22,Other,Los Angeles,72519.0,2022-01-16,56.0
483,CUST1483,27,Male,Los Angeles,144705.0,2023-11-01,25.0
484,CUST1484,24,Female,New York,78938.0,2022-05-11,81.0
485,CUST1485,19,Female,New York,143502.0,2022-04-10,26.0
486,CUST1486,67,Female,Los Angeles,112337.0,2023-06-09,52.0
487,CUST1487,51,Other,Houston,91026.0,2023-09-24,84.0
489,CUST1489,16,Male,Houston,61291.0,2022-03-17,49.0
490,CUST1490,66,Male,Los Angeles,83081.0,2023-11-30,53.0
491,CUST1491,69,Female,New York,40353.0,2023-06-21,96.0
492,CUST1492,48,Female,Houston,40944.0,2022-01-28,66.0
493,CUST1493,37,Male,New York,100509.0,2022-12-12,21.0
494,CUST1494,40,Female,New York,33903.0,2022-10-21,22.0
495,CUST1495,78,Other,New York,21811.0,2022-05-13,23.0
496,CUST1496,86,Male,Houston,31620.0,2023-04-13,85.0
497,CUST1497,73,Male,Los Angeles,25982.0,2022-05-14,38.0
498,CUST1498,59,Male,Houston,41227.0,2023-07-25,45.0
499,CUST1499,17,Other,Houston,106603.0,2022-04-28,80.0
500,CUST1500,38,Female,Houston,109728.0,2022-02-22,91.0
502,CUST1502,24,Female,Houston,41306.0,2022-07-27,64.0
504,CUST1504,75,Female,Houston,113180.0,2023-12-16,55.0
505,CUST1505,68,Female,Houston,84013.0,2022-06-26,85.0
506,CUST1506,16,Male,Houston,145892.0,2023-04-28,96.0
507,CUST1507,64,Female,Houston,33945.0,2023-06-06,65.0
508,CUST1508,35,Female,Houston,84013.0,2022-06-19,20.0
509,CUST1509,23,Other,Houston,135953.0,2022-10-29,38.0
510,CUST1510,22,Female,New York,24589.0,2023-04-18,100.0
512,CUST1512,82,Male,Houston,42023.0,2023-05-16,100.0
513,CUST1513,44,Female,New York,103919.0,2022-06-04,95.0
514,CUST1514,79,Male,Los Angeles,32520.0,2022-06-30,63.0
515,CUST1515,46,Male,Houston,146389.0,2022-03-04,87.0
517,CUST1517,41,Male,Los Angeles,149178.0,2022-10-18,94.0
518,CUST1518,59,Female,New York,98664.0,2023-03-04,9.0
519,CUST1519,44,Other,Los Angeles,60805.0,2023-01-31,76.0
520,CUST1520,40,Male,New York,84013.0,2023-10-24,65.0
521,CUST1521,74,Male,New York,70509.0,2022-09-30,97.0
522,CUST1522,19,Female,New York,67480.0,2023-05-18,5.0
523,CUST1523,18,Female,Houston,60109.0,2023-04-04,64.0
524,CUST1524,78,Other,New York,84013.0,2023-03-29,43.0
528,CUST1528,66,Female,Los Angeles,28133.0,2023-05-10,21.0
530,CUST1530,85,Female,Los Angeles,124918.0,2022-05-19,58.0
531,CUST1531,23,Female,Houston,39438.0,2022-12-20,74.0
532,CUST1532,68,Female,Los Angeles,61475.0,2022-04-18,12.0
534,CUST1534,26,Female,Los Angeles,47582.0,2023-11-11,74.0
535,CUST1535,29,Female,New York,147224.0,2022-01-18,21.0
536,CUST1536,83,Female,Los Angeles,30605.0,2023-03-28,54.0
539,CUST1539,56,Male,New York,133933.0,2023-04-28,68.0
542,CUST1542,44,Female,Los Angeles,24814.0,2023-09-03,99.0
543,CUST1543,32,Female,Los Angeles,28365.0,2022-09-05,25.0
544,CUST1544,150,Female,Los Angeles,84013.0,2023-06-09,87.0
545,CUST1545,51,Female,Houston,132446.0,2022-06-05,45.0
546,CUST1546,23,Female,Houston,67178.0,2022-11-09,90.0
547,CUST1547,52,Female,New York,34526.0,2022-08-05,67.0
548,CUST1548,25,Female,New York,51942.0,2023-12-24,40.0
549,CUST1549,49,Female,New York,149892.0,2022-04-22,73.0
550,CUST1550,21,Female,New York,101879.0,2022-01-08,13.0
552,CUST1552,64,Male,Houston,95290.0,2022-05-12,12.0
553,CUST1553,51,Male,New York,85399.0,2022-09-22,1.0
555,CUST1555,58,Male,New York,61611.0,2023-04-25,81.0
556,CUST1556,59,Other,Houston,107080.0,2023-06-30,14.0
557,CUST1557,54,Female,New York,84013.0,2022-02-23,85.0
558,CUST1558,41,Other,New York,75064.0,2022-04-01,28.0
560,CUST1560,50,Male,New York,52909.0,2023-01-28,20.0
561,CUST1561,45,Female,Houston,86808.0,2022-08-06,31.0
562,CUST1562,19,Female,Houston,34067.0,2022-03-03,95.0
563,CUST1563,40,Female,New York,80168.0,2022-06-05,31.0
564,CUST1564,74,Female,Houston,109820.0,2022-12-08,69.0
565,CUST1565,60,Female,Los Angeles,90041.0,2023-11-24,29.0
566,CUST1566,89,Female,Houston,76119.0,2023-10-27,63.0
567,CUST1567,150,Female,New York,81876.0,2022-08-24,43.0
568,CUST1568,36,Female,New York,146025.0,2022-04-05,96.0
569,CUST1569,18,Male,Houston,93734.0,2022-10-20,9.0
570,CUST1570,67,Male,New York,84013.0,2023-07-25,22.0
571,CUST1571,16,Male,New York,117007.0,2023-08-05,41.0
572,CUST1572,61,Male,Los Angeles,129148.0,2022-11-03,17.0
573,CUST1573,23,Male,Houston,124632.0,2023-11-19,7.0
574,CUST1574,39,Female,Los Angeles,126825.0,2022-10-12,99.0
575,CUST1575,64,Male,Los Angeles,33408.0,2022-11-07,2.0
576,CUST1576,48,Female,New York,131484.0,2023-09-24,48.0
577,CUST1577,76,Male,Houston,128056.0,2022-04-25,83.0
578,CUST1578,36,Female,New York,26163.0,2022-02-07,31.0
579,CUST1579,48,Female,Houston,130031.0,2022-03-06,53.0
580,CUST1580,80,Female,New York,77586.0,2022-06-19,48.0
581,CUST1581,29,Male,Houston,45955.0,2023-12-07,72.0
582,CUST1582,60,Female,Los Angeles,149900.0,2022-11-26,21.0
583,CUST1583,25,Female,Houston,148325.0,2022-12-11,22.0
585,CUST1585,50,Male,Los Angeles,63967.0,2022-06-24,35.0
586,CUST1586,31,Female,Los Angeles,145227.0,2023-12-08,29.0
587,CUST1587,78,Other,Houston,146617.0,2023-05-25,1.0
588,CUST1588,40,Female,Houston,88157.0,2022-12-13,60.0
589,CUST1589,53,Other,Houston,28547.0,2023-10-06,2.0
590,CUST1590,68,Female,Houston,29553.0,2023-06-28,85.0
591,CUST1591,39,Other,Los Angeles,141660.0,2023-04-18,85.0
592,CUST1592,62,Female,Houston,27244.0,2022-10-15,39.0
593,CUST1593,54,Male,Los Angeles,63388.0,2023-10-08,19.0
594,CUST1594,40,Male,Los Angeles,98601.0,2022-05-19,71.0
595,CUST1595,84,Other,Los Angeles,79157.0,2023-05-14,83.0
596,CUST1596,74,Other,Los Angeles,84692.0,2023-05-13,36.0
597,CUST1597,76,Female,Houston,43448.0,2023-05-15,33.0
599,CUST1599,50,Female,New York,91490.0,2023-05-10,3.0
600,CUST1600,25,Female,Houston,109536.0,2022-11-05,20.0
601,CUST1601,53,Female,New York,42189.0,2022-09-09,37.0
602,CUST1602,33,Other,New York,148660.0,2022-11-27,54.0
603,CUST1603,20,Other,Los Angeles,84013.0,2022-04-09,20.0
604,CUST1604,59,Female,New York,141731.0,2022-12-03,41.0
605,CUST1605,67,Female,Los Angeles,125177.0,2022-09-13,75.0
606,CUST1606,27,Female,Houston,136183.0,2022-03-24,1.0
607,CUST1607,72,Male,Los Angeles,37685.0,2023-08-24,41.0
608,CUST1608,40,Male,Los Angeles,43051.0,2023-04-25,6.0
610,CUST1610,44,Female,New York,48934.0,2023-06-29,76.0
611,CUST1611,55,Female,Los Angeles,64384.0,2023-12-09,70.0
613,CUST1613,30,Other,New York,87868.0,2022-06-03,42.0
614,CUST1614,52,Female,Los Angeles,91373.0,2022-07-22,51.0
615,CUST1615,67,Female,New York,84013.0,2023-11-01,27.0
616,CUST1616,80,Female,New York,24241.0,2022-02-27,6.0
618,CUST2384,32,Other,New York,24825.0,2022-03-11,1.0
619,CUST1619,32,Female,Houston,84013.0,2022-06-22,76.0
620,CUST1620,45,Other,New York,22531.0,2022-05-16,19.0
621,CUST1621,52,Male,Los Angeles,29980.0,2023-12-19,77.0
623,CUST1623,22,Female,Los Angeles,37681.0,2023-11-13,66.0
624,CUST1624,76,Female,Houston,29447.0,2022-07-24,28.0
625,CUST1625,56,Female,New York,67894.0,2022-01-29,82.0
626,CUST1626,34,Male,New York,61262.0,2022-01-17,67.0
627,CUST1627,80,Female,New York,136178.0,2022-01-31,45.0
628,CUST1628,40,Female,New York,122816.0,2022-11-02,74.0
629,CUST1629,50,Female,Houston,35254.0,2023-09-02,100.0
630,CUST1630,54,Female,Los Angeles,41983.0,2022-12-12,16.0
631,CUST1631,20,Female,Los Angeles,108932.0,2023-06-26,18.0
632,CUST1632,47,Other,Houston,64107.0,2022-11-28,75.0
634,CUST1634,65,Male,Los Angeles,108726.0,2023-04-14,40.0
636,CUST1636,45,Male,Houston,146003.0,2022-02-15,5.0
637,CUST1637,24,Male,Los Angeles,84013.0,2023-03-12,100.0
638,CUST1638,76,Female,Houston,115859.0,2023-10-29,18.0
639,CUST1639,42,Female,Houston,44668.0,2022-01-28,94.0
640,CUST1640,70,Male,Houston,41031.0,2022-11-12,36.0
641,CUST1641,72,Female,Houston,85573.0,2022-11-02,56.0
643,CUST1643,76,Other,New York,146516.0,2022-04-03,7.0
644,CUST1644,18,Female,Los Angeles,84013.0,2023-01-08,37.0
645,CUST1645,58,Female,New York,61411.0,2023-09-19,87.0
646,CUST1646,79,Female,Houston,93476.0,2022-09-16,92.0
648,CUST1648,23,Male,Houston,138109.0,2023-09-03,14.0
650,CUST1650,45,Male,New York,42195.0,2023-12-01,34.0
651,CUST1651,30,Female,New York,31561.0,2022-08-30,80.0
653,CUST1653,85,Male,Houston,30076.0,2022-03-10,71.0
654,CUST1654,55,Female,New York,31415.0,2023-06-15,37.0
655,CUST1655,64,Other,New York,89279.0,2022-05-29,68.0
656,CUST1656,36,Female,Houston,66949.0,2022-03-02,47.0
657,CUST1657,32,Female,Los Angeles,22947.0,2023-08-10,49.0
658,CUST1658,53,Female,Los Angeles,84013.0,2023-04-28,28.0
659,CUST1659,52,Female,Los Angeles,43928.0,2022-09-25,18.0
661,CUST1661,17,Male,Houston,136461.0,2023-08-13,19.0
662,CUST1662,76,Other,Houston,112605.0,2022-06-19,96.0
663,CUST1663,21,Female,Los Angeles,142137.0,2023-12-05,97.0
664,CUST1664,23,Male,Los Angeles,60896.0,2022-05-28,61.0
665,CUST1665,89,Female,New York,96567.0,2023-07-20,1.0
666,CUST1666,27,Female,New York,84013.0,2023-12-15,27.0
667,CUST1667,25,Other,Houston,139392.0,2023-04-17,1.0
668,CUST1668,79,Other,Houston,60416.0,2022-07-15,30.0
670,CUST1670,17,Male,Los Angeles,84013.0,2022-05-10,13.0
671,CUST1671,74,Female,New York,84013.0,2022-04-23,97.0
672,CUST1672,18,Female,New York,26909.0,2023-12-23,4.0
673,CUST1673,68,Female,Los Angeles,84013.0,2022-08-30,40.0
675,CUST1675,51,Female,Los Angeles,39273.0,2022-11-03,11.0
676,CUST1676,46,Male,New York,43233.0,2023-07-09,35.0
677,CUST1677,45,Other,New York,44062.0,2022-09-16,94.0
678,CUST1678,29,Female,New York,112711.0,2022-02-28,13.0
679,CUST1679,68,Female,Los Angeles,126945.0,2023-07-27,16.0
680,CUST1680,42,Male,Los Angeles,84013.0,2022-08-02,36.0
681,CUST1681,77,Female,Los Angeles,84013.0,2023-01-28,18.0
682,CUST1682,26,Male,New York,47554.0,2023-12-31,70.0
683,CUST1683,63,Other,New York,33292.0,2023-08-09,37.0
685,CUST1685,76,Male,Houston,67870.0,2023-08-03,99.0
686,CUST1686,22,Male,Houston,137706.0,2023-10-01,94.0
687,CUST1687,52,Male,New York,87706.0,2022-01-24,61.0
688,CUST1688,22,Other,Los Angeles,33617.0,2023-11-27,81.0
689,CUST1689,33,Male,Houston,92440.0,2022-04-06,91.0
690,CUST1690,89,Male,New York,84013.0,2022-06-19,59.0
691,CUST1691,58,Female,Houston,24683.0,2022-04-26,69.0
693,CUST1693,84,Female,Houston,94971.0,2023-02-12,82.0
694,CUST1694,86,Female,Los Angeles,20046.0,2022-12-14,7.0
696,CUST1696,65,Female,Houston,88326.0,2023-07-17,4.0
697,CUST1697,26,Female,Los Angeles,85812.0,2022-03-18,76.0
698,CUST1698,16,Male,Houston,110089.0,2022-11-23,91.0
700,CUST1700,33,Female,Houston,39457.0,2023-03-07,65.0
701,CUST1701,60,Other,Houston,138937.0,2023-12-22,31.0
702,CUST1702,58,Female,Los Angeles,146880.0,2023-11-02,98.0
704,CUST1704,63,Female,Los Angeles,56380.0,2023-06-12,80.0
705,CUST1705,77,Male,Houston,111861.0,2023-10-03,41.0
706,CUST1706,54,Male,Houston,94607.0,2022-11-15,67.0
707,CUST1707,30,Female,Houston,58753.0,2022-04-30,22.0
708,CUST1708,84,Male,Houston,143755.0,2023-05-06,33.0
709,CUST1709,58,Female,Los Angeles,95250.0,2022-08-28,98.0
710,CUST1710,89,Male,Los Angeles,46137.0,2023-04-09,9.0
711,CUST1711,85,Other,Houston,138474.0,2023-11-08,70.0
712,CUST1712,35,Male,Houston,44512.0,2022-09-03,91.0
714,CUST1714,24,Female,Houston,31943.0,2022-02-16,68.0
715,CUST1715,50,Male,Los Angeles,142682.0,2022-08-04,31.0
717,CUST1717,29,Other,Los Angeles,81726.0,2022-02-25,83.0
718,CUST1718,46,Male,New York,88804.0,2023-08-26,61.0
719,CUST1719,48,Female,Los Angeles,80457.0,2023-07-04,5.0
720,CUST1720,71,Female,Houston,42831.0,2023-04-06,48.0
721,CUST1721,44,Female,New York,22676.0,2022-08-20,28.0
723,CUST1723,68,Female,Los Angeles,87050.0,2022-05-11,90.0
724,CUST1724,36,Female,Houston,62162.0,2022-09-29,6.0
725,CUST1725,150,Male,Houston,84013.0,2023-03-19,84.0
726,CUST1726,71,Female,Houston,42701.0,2022-09-25,44.0
727,CUST1727,16,Female,Los Angeles,143708.0,2023-10-20,40.0
728,CUST1728,57,Female,Houston,44402.0,2022-03-06,23.0
729,CUST1729,32,Female,New York,105302.0,2022-02-24,26.0
730,CUST1730,52,Male,Los Angeles,87763.0,2022-05-19,6.0
732,CUST1732,28,Female,Houston,54018.0,2022-05-02,95.0
733,CUST1733,65,Other,Houston,45195.0,2023-03-24,61.0
734,CUST1734,77,Male,Houston,108518.0,2023-12-16,67.0
736,CUST1736,35,Female,Los Angeles,73681.0,2023-12-04,54.0
737,CUST1737,71,Other,Los Angeles,25098.0,2023-04-07,23.0
738,CUST1738,36,Male,Houston,142761.0,2023-10-12,33.0
739,CUST1739,48,Female,Houston,48528.0,2023-01-15,18.0
740,CUST1740,23,Male,Los Angeles,33241.0,2023-02-20,85.0
741,CUST1741,73,Male,Houston,38553.0,2022-06-15,25.0
743,CUST1743,77,Female,Houston,45394.0,2023-01-02,25.0
744,CUST1744,75,Female,Los Angeles,84102.0,2022-12-19,2.0
746,CUST1746,25,Male,Houston,130587.0,2022-07-15,75.0
747,CUST1747,50,Male,Los Angeles,104090.0,2023-07-07,43.0
748,CUST1748,53,Female,Los Angeles,52903.0,2023-09-14,93.0
749,CUST1749,32,Female,Los Angeles,131111.0,2022-08-04,99.0
750,CUST1750,60,Female,Los Angeles,53415.0,2023-01-24,71.0
751,CUST1751,27,Female,Houston,38127.0,2023-12-27,37.0
753,CUST1753,80,Female,Los Angeles,106789.0,2023-05-22,96.0
754,CUST1754,23,Male,New York,65782.0,2023-08-11,11.0
755,CUST1755,75,Female,Houston,37902.0,2022-09-06,73.0
756,CUST1756,28,Male,Houston,57707.0,2022-09-24,64.0
757,CUST1757,44,Female,Los Angeles,37088.0,2022-12-27,19.0
759,CUST1759,42,Female,Los Angeles,69976.0,2023-05-30,30.0
760,CUST1760,41,Male,New York,117038.0,2022-03-26,63.0
761,CUST1761,83,Male,Los Angeles,40876.0,2023-08-13,74.0
762,CUST1762,80,Male,Los Angeles,32260.0,2023-09-23,81.0
763,CUST1763,70,Male,Houston,65174.0,2023-06-03,28.0
764,CUST1764,39,Female,Los Angeles,59617.0,2022-11-09,98.0
765,CUST1765,74,Female,Houston,20275.0,2023-10-05,9.0
766,CUST1766,28,Male,New York,65581.0,2022-03-05,81.0
768,CUST1768,82,Female,Houston,39554.0,2022-05-03,13.0
769,CUST1769,56,Male,Houston,79187.0,2022-12-02,78.0
770,CUST1770,38,Female,Los Angeles,96543.0,2022-05-22,79.0
771,CUST1771,78,Female,Los Angeles,84013.0,2022-08-29,95.0
772,CUST1772,43,Female,Houston,84013.0,2022-05-24,76.0
773,CUST1773,41,Male,Houston,61503.0,2023-11-20,55.0
774,CUST1774,33,Female,Houston,121846.0,2022-01-25,13.0
776,CUST1776,28,Female,Houston,134237.0,2023-08-22,5.0
777,CUST1777,56,Female,New York,98027.0,2023-05-06,75.0
778,CUST1778,83,Female,Houston,148630.0,2023-09-23,11.0
779,CUST1779,70,Female,New York,40310.0,2022-10-27,3.0
781,CUST1781,34,Other,Los Angeles,49562.0,2022-03-23,24.0
783,CUST1783,49,Male,Houston,148636.0,2023-06-07,93.0
787,CUST1787,88,Female,New York,109720.0,2023-11-10,65.0
788,CUST1788,45,Other,Los Angeles,64445.0,2023-12-05,31.0
789,CUST1789,38,Female,New York,132304.0,2023-02-23,88.0
790,CUST1790,19,Male,Houston,34655.0,2022-12-14,8.0
792,CUST1792,22,Male,Los Angeles,99486.0,2022-06-15,17.0
795,CUST1795,39,Female,Houston,40625.0,2022-04-18,11.0
796,CUST1796,88,Female,Houston,100458.0,2022-06-08,11.0
797,CUST1797,67,Female,Los Angeles,97679.0,2022-01-19,95.0
798,CUST1798,72,Female,New York,62947.0,2023-08-22,82.0
799,CUST1799,22,Female,Los Angeles,119552.0,2023-11-08,28.0
800,CUST1800,21,Female,Los Angeles,102041.0,2023-11-08,24.0
802,CUST1802,44,Female,New York,122891.0,2022-07-17,54.0
803,CUST1803,75,Female,Houston,50581.0,2023-11-21,30.0
804,CUST1804,64,Female,Los Angeles,126344.0,2022-11-25,53.0
807,CUST1807,68,Male,Houston,147779.0,2022-04-30,71.0
808,CUST1808,63,Other,Houston,84013.0,2022-11-07,31.0
809,CUST1809,68,Female,Los Angeles,102291.0,2023-05-31,19.0
810,CUST1810,56,Female,Los Angeles,66840.0,2023-07-26,7.0
811,CUST1811,30,Female,Los Angeles,134800.0,2022-02-07,37.0
812,CUST1812,17,Female,Los Angeles,26012.0,2023-11-25,91.0
813,CUST1813,82,Female,New York,108284.0,2023-11-03,33.0
814,CUST1814,32,Male,New York,102233.0,2023-09-02,93.0
815,CUST1815,20,Male,Houston,132505.0,2023-04-26,95.0
816,CUST1816,80,Female,New York,128345.0,2023-03-13,58.0
817,CUST1817,40,Male,Houston,69039.0,2022-11-11,48.0
818,CUST1818,42,Female,Houston,82457.0,2022-11-02,93.0
819,CUST1819,43,Other,Los Angeles,140023.0,2023-07-20,4.0
820,CUST1820,81,Female,Houston,147339.0,2023-09-09,6.0
821,CUST1821,86,Female,Los Angeles,77001.0,2022-08-01,71.0
822,CUST1822,61,Female,Houston,124866.0,2022-08-18,35.0
824,CUST1824,68,Female,New York,84013.0,2023-08-02,2.0
825,CUST1825,82,Female,Los Angeles,148571.0,2022-11-02,25.0
826,CUST1826,22,Male,Los Angeles,51000.0,2022-10-19,24.0
827,CUST1827,58,Male,New York,50578.0,2022-12-22,87.0
828,CUST1828,27,Female,New York,64021.0,2022-06-23,86.0
829,CUST1829,74,Female,Houston,84013.0,2023-10-13,40.0
830,CUST1830,58,Male,Los Angeles,25425.0,2022-09-22,5.0
831,CUST1831,88,Female,Los Angeles,84013.0,2023-03-15,54.0
832,CUST1832,51,Female,New York,112550.0,2022-12-31,85.0
833,CUST1833,31,Female,New York,56792.0,2022-02-27,48.0
834,CUST1834,66,Female,New York,27168.0,2023-09-19,80.0
835,CUST1835,82,Male,Los Angeles,94423.0,2022-06-25,49.0
837,CUST1837,50,Female,New York,100840.0,2023-08-20,5.0
838,CUST1838,46,Male,New York,64110.0,2022-11-09,86.0
839,CUST1839,28,Female,Houston,48686.0,2022-07-12,31.0
840,CUST1840,43,Female,New York,66632.0,2023-11-10,43.0
841,CUST1841,43,Other,New York,84013.0,2023-01-11,46.0
842,CUST1842,36,Other,New York,149729.0,2022-04-25,37.0
843,CUST1843,22,Male,New York,121722.0,2023-03-11,30.0
844,CUST1844,66,Male,Houston,105183.0,2023-09-15,93.0
845,CUST1845,30,Male,Houston,63445.0,2023-05-13,24.0
846,CUST1846,70,Female,Houston,78098.0,2023-04-28,50.0
847,CUST1847,43,Male,Houston,96882.0,2022-09-25,14.0
850,CUST1850,35,Male,New York,109190.0,2022-06-14,27.0
851,CUST1851,47,Female,New York,84013.0,2022-11-05,21.0
852,CUST1852,66,Female,Los Angeles,60568.0,2022-12-02,86.0
853,CUST1853,69,Female,New York,114244.0,2022-09-28,31.0
854,CUST1854,51,Female,Los Angeles,64903.0,2022-12-07,81.0
857,CUST1857,38,Male,New York,112480.0,2023-10-15,5.0
858,CUST1858,32,Male,New York,126058.0,2022-09-26,82.0
859,CUST1859,82,Male,Houston,123934.0,2023-08-16,32.0
860,CUST1860,64,Female,New York,84013.0,2022-10-04,35.0
861,CUST1861,72,Female,New York,148393.0,2023-03-28,20.0
862,CUST1862,83,Male,Los Angeles,22604.0,2023-11-07,77.0
863,CUST1863,42,Female,Houston,83902.0,2022-07-06,19.0
864,CUST1864,18,Male,New York,84013.0,2023-10-25,43.0
865,CUST2100,18,Female,Houston,103557.0,2022-02-06,49.0
866,CUST1866,36,Female,Los Angeles,84013.0,2022-10-10,97.0
867,CUST1867,51,Female,Houston,78413.0,2023-06-12,40.0
868,CUST1868,66,Male,New York,112383.0,2022-01-16,70.0
869,CUST1869,34,Other,Los Angeles,56848.0,2022-01-05,45.0
870,CUST1870,24,Male,Los Angeles,125422.0,2022-10-25,76.0
871,CUST1871,84,Female,New York,84743.0,2022-07-03,48.0
872,CUST1872,54,Female,Los Angeles,80761.0,2022-05-10,39.0
873,CUST1873,40,Female,Los Angeles,41818.0,2023-09-28,17.0
874,CUST1874,70,Female,Los Angeles,66330.0,2023-07-28,62.0
875,CUST1875,19,Female,New York,24733.0,2023-09-21,2.0
876,CUST1876,55,Female,New York,48341.0,2022-08-19,97.0
878,CUST1878,63,Female,New York,35858.0,2023-10-24,53.0
879,CUST1879,64,Female,New York,41988.0,2023-03-18,89.0
881,CUST1881,32,Other,Los Angeles,55796.0,2022-06-15,56.0
882,CUST1882,66,Other,Los Angeles,84013.0,2023-10-31,68.0
884,CUST1884,57,Female,Los Angeles,94587.0,2023-11-02,64.0
885,CUST1885,63,Other,Los Angeles,64295.0,2023-08-18,96.0
886,CUST1886,53,Female,Houston,84013.0,2022-04-15,73.0
887,CUST1887,32,Female,Los Angeles,145278.0,2023-01-08,35.0
888,CUST1888,69,Female,New York,71107.0,2022-10-23,63.0
890,CUST1890,80,Male,New York,21347.0,2022-06-12,53.0
891,CUST1891,42,Male,New York,131619.0,2023-06-09,81.0
892,CUST1892,78,Female,New York,72548.0,2022-04-11,48.0
893,CUST1893,35,Male,Houston,114165.0,2022-09-29,48.0
894,CUST1894,47,Female,Los Angeles,149942.0,2023-07-05,43.0
895,CUST1895,76,Male,Houston,131198.0,2023-10-04,4.0
896,CUST1896,23,Female,New York,141761.0,2022-03-08,17.0
898,CUST1898,85,Female,New York,64558.0,2023-01-12,45.0
899,CUST1899,61,Female,Houston,84013.0,2022-01-21,55.0
900,CUST1900,66,Female,Los Angeles,65590.0,2023-10-31,7.0
902,CUST1902,32,Female,New York,26536.0,2023-04-24,47.0
903,CUST1903,50,Female,Houston,44956.0,2022-12-17,83.0
905,CUST1905,31,Female,New York,28373.0,2022-05-07,69.0
906,CUST1906,30,Female,Houston,47025.0,2023-11-13,1.0
907,CUST1907,49,Female,Houston,69134.0,2022-04-23,63.0
908,CUST1908,23,Female,New York,52103.0,2023-08-12,7.0
909,CUST1909,78,Male,Los Angeles,51883.0,2022-09-29,92.0
910,CUST1910,30,Male,New York,91436.0,2023-07-13,5.0
911,CUST1911,50,Male,Houston,32423.0,2023-03-05,26.0
912,CUST1912,20,Female,Los Angeles,134983.0,2022-09-02,5.0
913,CUST1913,16,Other,New York,31203.0,2023-04-30,34.0
914,CUST1914,33,Female,Los Angeles,83270.0,2023-04-10,32.0
915,CUST1915,37,Female,New York,112769.0,2023-09-29,91.0
916,CUST1916,63,Female,Los Angeles,117636.0,2023-09-20,4.0
917,CUST1917,79,Female,Houston,94395.0,2022-09-23,30.0
918,CUST1918,37,Female,Houston,76680.0,2023-08-23,49.0
919,CUST1919,61,Male,Los Angeles,80598.0,2023-12-02,35.0
920,CUST1920,88,Female,Los Angeles,70431.0,2023-10-30,48.0
922,CUST1922,86,Other,Los Angeles,60157.0,2022-10-26,48.0
923,CUST1923,84,Male,Los Angeles,98625.0,2022-12-02,14.0
924,CUST1924,59,Female,Houston,49129.0,2023-05-17,73.0
925,CUST1925,34,Other,Houston,103776.0,2023-03-08,24.0
926,CUST1926,83,Female,Houston,26758.0,2023-03-11,48.0
927,CUST1927,75,Female,New York,84013.0,2022-12-27,86.0
928,CUST1928,37,Female,Los Angeles,44575.0,2022-05-31,81.0
929,CUST1929,36,Female,Houston,84013.0,2022-12-17,2.0
930,CUST1930,83,Female,Houston,85530.0,2023-02-08,27.0
931,CUST1931,24,Female,Houston,55458.0,2022-11-03,76.0
932,CUST1932,59,Other,Los Angeles,134594.0,2023-02-26,61.0
933,CUST1933,76,Male,Houston,114580.0,2023-01-29,68.0
934,CUST1934,82,Other,New York,124195.0,2023-12-05,40.0
935,CUST1935,41,Other,Los Angeles,130656.0,2022-03-31,49.0
937,CUST1937,23,Male,Houston,64310.0,2022-04-25,75.0
938,CUST1938,73,Female,Houston,146478.0,2022-12-07,53.0
939,CUST1939,57,Male,Los Angeles,97398.0,2022-11-17,98.0
941,CUST1941,39,Female,Los Angeles,53862.0,2023-02-19,69.0
942,CUST1942,70,Female,Los Angeles,22472.0,2022-10-18,82.0
943,CUST1943,50,Female,Los Angeles,53064.0,2022-08-26,48.0
944,CUST1944,59,Other,Houston,51527.0,2022-08-21,100.0
945,CUST1945,40,Male,Houston,84013.0,2022-12-06,21.0
946,CUST1946,77,Male,Houston,83208.0,2023-12-07,39.0
947,CUST1947,43,Female,New York,35306.0,2023-07-24,70.0
948,CUST1948,74,Female,Houston,78538.0,2022-03-18,88.0
949,CUST1949,77,Female,New York,43782.0,2023-06-02,91.0
950,CUST1950,63,Male,New York,84013.0,2022-05-31,12.0
951,CUST1951,41,Female,Los Angeles,84013.0,2022-09-16,54.0
952,CUST1952,83,Female,Los Angeles,40854.0,2023-04-16,11.0
954,CUST1954,17,Female,Houston,92527.0,2022-08-13,90.0
955,CUST1955,33,Female,Los Angeles,60170.0,2023-02-05,1.0
956,CUST1956,150,Female,Los Angeles,44410.0,2022-10-07,67.0
957,CUST1957,72,Female,New York,141262.0,2022-05-19,16.0
958,CUST1958,47,Female,Houston,114194.0,2023-12-23,22.0
959,CUST1959,83,Female,New York,45379.0,2023-01-08,34.0
960,CUST1960,53,Female,Houston,136692.0,2022-09-25,14.0
961,CUST1961,74,Male,Los Angeles,47966.0,2022-11-12,43.0
962,CUST1962,75,Female,Los Angeles,37584.0,2022-06-03,3.0
963,CUST1963,66,Female,Houston,136549.0,2023-12-04,95.0
964,CUST1964,55,Female,New York,70538.0,2023-04-19,48.0
965,CUST1965,50,Male,Houston,60571.0,2022-05-26,28.0
966,CUST1966,50,Female,Los Angeles,65978.0,2022-12-14,100.0
967,CUST1967,67,Other,New York,40193.0,2023-10-31,68.0
969,CUST1969,68,Female,Houston,32441.0,2022-08-26,28.0
970,CUST1970,56,Male,Los Angeles,48548.0,2022-04-13,95.0
972,CUST1972,72,Female,Houston,147974.0,2022-04-02,81.0
973,CUST1973,76,Male,Houston,129170.0,2022-10-06,93.0
974,CUST1974,58,Female,Houston,89755.0,2022-11-03,24.0
975,CUST1975,60,Female,New York,130202.0,2023-04-23,7.0
976,CUST1976,17,Other,Los Angeles,75299.0,2022-08-10,38.0
977,CUST1977,25,Female,New York,123627.0,2022-05-05,9.0
978,CUST1978,52,Female,Los Angeles,85247.0,2022-08-20,16.0
979,CUST1979,35,Other,Houston,145539.0,2022-10-28,61.0
980,CUST1980,25,Male,Houston,146871.0,2023-04-14,39.0
981,CUST1981,18,Female,New York,60129.0,2022-08-02,18.0
982,CUST1982,65,Other,Houston,36100.0,2023-11-02,89.0
983,CUST1983,67,Male,Los Angeles,21455.0,2022-08-25,81.0
985,CUST1985,51,Male,Los Angeles,84013.0,2023-04-23,18.0
986,CUST1986,58,Male,Houston,99914.0,2022-05-01,6.0
989,CUST1989,150,Female,Houston,83709.0,2022-07-08,20.0
990,CUST1990,77,Female,Los Angeles,120084.0,2022-12-30,29.0
991,CUST1991,80,Female,Los Angeles,117259.0,2022-06-14,26.0
992,CUST1992,83,Other,Los Angeles,84013.0,2022-06-17,35.0
993,CUST1993,60,Male,Houston,39618.0,2023-10-26,53.0
995,CUST1995,77,Male,New York,120931.0,2023-05-29,19.0
996,CUST1996,44,Female,Los Angeles,59823.0,2023-02-25,73.0
998,CUST1998,34,Female,Houston,79253.0,2023-11-03,85.0
1000,CUST2000,87,Male,New York,32212.0,2022-11-12,46.0
1002,CUST2002,17,Male,New York,84013.0,2023-06-22,34.0
1005,CUST2005,32,Female,Los Angeles,105109.0,2023-03-26,49.0
1007,CUST2007,29,Female,New York,45203.0,2022-10-12,22.0
1008,CUST2008,31,Male,Los Angeles,107142.0,2022-04-15,4.0
1009,CUST2009,76,Other,Houston,137418.0,2022-05-31,91.0
1010,CUST2010,80,Female,Los Angeles,138728.0,2023-10-16,11.0
1011,CUST2011,74,Other,New York,137805.0,2022-08-17,87.0
1012,CUST2012,89,Female,New York,92690.0,2022-08-12,64.0
1013,CUST2013,25,Female,New York,108829.0,2023-06-11,35.0
1014,CUST2014,65,Female,New York,24920.0,2023-04-29,77.0
1015,CUST2015,82,Male,New York,127973.0,2022-09-18,97.0
1016,CUST2016,52,Male,New York,100910.0,2022-07-01,48.0
1017,CUST2017,41,Female,New York,28290.0,2023-05-01,7.0
1018,CUST2018,81,Other,Los Angeles,91010.0,2022-07-30,79.0
1019,CUST2019,74,Female,Los Angeles,104990.0,2022-06-10,63.0
1020,CUST2020,28,Female,New York,84013.0,2022-09-04,85.0
1021,CUST2021,52,Male,New York,68604.0,2022-11-29,75.0
1022,CUST2022,21,Male,Houston,147675.0,2022-09-05,92.0
1023,CUST2023,57,Female,Los Angeles,54528.0,2022-07-05,62.0
1026,CUST2026,73,Other,New York,84453.0,2022-08-05,51.0
1027,CUST2027,71,Female,Los Angeles,84013.0,2022-03-28,27.0
1028,CUST2028,53,Female,Houston,79203.0,2022-10-18,95.0
1029,CUST2029,58,Other,Los Angeles,64188.0,2022-06-28,66.0
1031,CUST2031,17,Male,Houston,131803.0,2023-11-07,21.0
1032,CUST1718,87,Female,New York,144523.0,2022-11-15,6.0
1034,CUST2034,44,Male,Houston,42143.0,2023-05-05,46.0
1035,CUST2035,55,Female,Los Angeles,51176.0,2023-08-14,27.0
1036,CUST2036,79,Female,Houston,36926.0,2022-08-02,42.0
1037,CUST2037,25,Female,Los Angeles,81532.0,2022-09-14,71.0
1038,CUST2038,17,Female,New York,81433.0,2023-05-31,100.0
1039,CUST2039,38,Female,Houston,85352.0,2023-10-01,23.0
1040,CUST2040,45,Male,Los Angeles,55604.0,2023-04-04,49.0
1041,CUST2041,78,Female,New York,111199.0,2022-06-27,60.0
1042,CUST2042,28,Other,New York,85333.0,2023-02-10,63.0
1044,CUST2044,83,Female,Houston,109206.0,2022-03-28,63.0
1045,CUST2045,26,Male,New York,72229.0,2023-10-12,88.0
1047,CUST2047,76,Female,Los Angeles,116558.0,2022-01-14,44.0
1048,CUST2048,71,Female,Houston,97829.0,2023-05-11,93.0
1049,CUST2049,28,Female,Houston,131134.0,2022-12-10,65.0
1050,CUST2050,24,Female,Houston,143140.0,2023-03-05,36.0
1052,CUST2052,66,Male,Houston,118565.0,2023-11-12,66.0
1053,CUST2053,24,Male,New York,119026.0,2023-10-27,17.0
1054,CUST2054,88,Female,Houston,42275.0,2023-09-05,44.0
1055,CUST2055,72,Female,Houston,84013.0,2022-04-06,35.0
1056,CUST2056,42,Other,New York,43891.0,2022-05-29,61.0
1057,CUST2057,41,Other,Houston,40297.0,2023-06-13,23.0
1058,CUST2058,19,Male,New York,51357.0,2023-03-20,80.0
1059,CUST2059,51,Female,Los Angeles,116644.0,2022-04-22,72.0
1061,CUST2061,82,Male,New York,99031.0,2022-04-12,33.0
1063,CUST2063,68,Female,Los Angeles,58172.0,2022-12-31,86.0
1064,CUST2064,52,Female,Los Angeles,125545.0,2022-07-26,90.0
1065,CUST2065,18,Female,Los Angeles,72141.0,2022-05-11,92.0
1066,CUST2066,73,Female,Houston,60725.0,2023-02-04,27.0
1067,CUST2067,69,Female,Los Angeles,26080.0,2022-02-18,91.0
1068,CUST2068,59,Female,New York,82307.0,2022-09-10,93.0
1069,CUST2069,57,Female,Houston,52325.0,2023-05-03,48.0
1070,CUST2070,39,Female,Los Angeles,123253.0,2023-04-14,73.0
1071,CUST2071,34,Female,New York,46207.0,2022-10-24,13.0
1072,CUST2072,27,Female,Houston,91390.0,2023-03-14,45.0
1073,CUST2073,88,Other,Los Angeles,125356.0,2022-01-09,66.0
1074,CUST2074,86,Female,Los Angeles,122990.0,2023-04-06,42.0
1075,CUST2075,64,Other,New York,25417.0,2022-12-21,63.0
1076,CUST2076,46,Female,Los Angeles,44291.0,2022-02-24,47.0
1077,CUST2077,71,Female,New York,103832.0,2022-07-07,11.0
1078,CUST2078,21,Female,New York,76907.0,2022-07-24,44.0
1079,CUST2079,44,Female,Houston,27008.0,2023-09-10,37.0
1080,CUST2080,66,Other,Houston,74031.0,2022-01-11,81.0
1081,CUST2081,77,Female,New York,123394.0,2022-11-29,61.0
1082,CUST2082,28,Female,Houston,142250.0,2023-10-23,47.0
1083,CUST2083,34,Female,New York,84013.0,2023-04-18,24.0
1084,CUST2084,22,Female,Los Angeles,60992.0,2022-09-22,97.0
1085,CUST2085,85,Female,New York,20961.0,2023-05-23,33.0
1086,CUST2086,72,Male,Los Angeles,132843.0,2022-01-25,56.0
1087,CUST2087,86,Male,Los Angeles,55916.0,2022-02-21,41.0
1088,CUST2088,47,Male,New York,88673.0,2022-07-19,22.0
1089,CUST2089,40,Other,Los Angeles,25360.0,2023-06-24,14.0
1090,CUST2090,62,Female,Houston,59772.0,2023-11-28,46.0
1091,CUST2091,39,Male,New York,120072.0,2022-11-29,17.0
1092,CUST2092,55,Female,Los Angeles,29915.0,2023-07-23,24.0
1093,CUST2093,30,Female,Houston,142678.0,2023-11-25,14.0
1095,CUST2095,84,Female,Houston,102446.0,2022-02-01,14.0
1096,CUST2096,86,Female,Los Angeles,66165.0,2022-03-18,3.0
1097,CUST2097,80,Female,Houston,47374.0,2022-01-07,27.0
1099,CUST2099,28,Male,Houston,25619.0,2022-04-21,22.0
1101,CUST2101,55,Female,Houston,57783.0,2023-01-29,31.0
1102,CUST2102,47,Male,New York,96659.0,2023-02-21,34.0
1103,CUST2103,84,Female,Los Angeles,38116.0,2023-09-23,15.0
1104,CUST2104,59,Male,New York,91780.0,2023-05-03,27.0
1105,CUST2105,22,Female,New York,74000.0,2023-07-25,27.0
1106,CUST2106,21,Female,New York,56312.0,2022-04-25,27.0
1107,CUST2107,34,Female,Houston,84013.0,2022-01-29,26.0
1109,CUST2109,25,Other,Houston,71018.0,2022-04-28,87.0
1110,CUST2110,46,Male,Los Angeles,48435.0,2023-07-11,12.0
1112,CUST2112,69,Female,Los Angeles,45899.0,2023-03-23,38.0
1113,CUST2113,21,Female,Houston,69887.0,2022-10-27,57.0
1114,CUST2114,37,Other,New York,149837.0,2022-11-19,10.0
1115,CUST2115,42,Other,Houston,136587.0,2022-10-17,3.0
1116,CUST2116,87,Male,Los Angeles,38265.0,2022-04-05,64.0
1117,CUST2117,51,Female,New York,84013.0,2022-08-09,28.0
1118,CUST2118,76,Male,Los Angeles,74984.0,2023-12-11,22.0
1119,CUST2119,75,Female,Los Angeles,114230.0,2022-05-26,59.0
1120,CUST2120,72,Female,New York,41534.0,2023-07-12,5.0
1121,CUST2121,29,Other,Los Angeles,103493.0,2022-12-14,42.0
1122,CUST2122,22,Other,Los Angeles,116186.0,2023-05-30,9.0
1123,CUST2123,77,Male,New York,21437.0,2022-02-11,32.0
1124,CUST2124,21,Male,New York,147631.0,2022-06-26,73.0
1125,CUST2125,86,Female,New York,78615.0,2023-11-25,18.0
1126,CUST2126,150,Male,Los Angeles,95269.0,2023-09-07,66.0
1127,CUST2127,57,Male,New York,28632.0,2023-06-27,38.0
1128,CUST2128,27,Female,Los Angeles,32531.0,2022-07-05,75.0
1130,CUST2130,25,Female,Los Angeles,77765.0,2023-01-08,47.0
1131,CUST2131,21,Female,Los Angeles,32014.0,2022-03-09,66.0
1133,CUST2133,84,Female,New York,84013.0,2022-03-05,40.0
1134,CUST2134,33,Other,Houston,49796.0,2023-01-13,67.0
1135,CUST2135,36,Female,New York,141733.0,2023-02-19,38.0
1136,CUST2136,69,Female,New York,129999.0,2022-02-28,99.0
1137,CUST2137,38,Other,Los Angeles,106382.0,2022-02-26,1.0
1138,CUST2138,57,Other,Los Angeles,37885.0,2022-05-07,15.0
1139,CUST2139,79,Female,Los Angeles,55899.0,2023-02-20,17.0
1140,CUST2140,61,Male,Houston,73190.0,2022-02-18,80.0
1141,CUST2141,52,Female,New York,84013.0,2023-03-03,9.0
1142,CUST2142,46,Female,Los Angeles,30571.0,2023-07-23,55.0
1143,CUST2143,75,Female,New York,88395.0,2023-08-26,50.0
1145,CUST2145,66,Female,Houston,130743.0,2023-09-03,90.0
1146,CUST2146,27,Male,New York,37897.0,2023-07-07,77.0
1148,CUST2148,81,Female,New York,123272.0,2022-03-16,48.0
1151,CUST2151,38,Female,New York,52538.0,2023-01-12,22.0
1152,CUST2152,83,Other,Los Angeles,69515.0,2022-05-07,17.0
1153,CUST2153,68,Female,Houston,92076.0,2022-09-19,24.0
1154,CUST2154,85,Other,Los Angeles,33119.0,2023-10-28,60.0
1155,CUST2155,29,Other,Los Angeles,99475.0,2022-12-23,60.0
1156,CUST2156,62,Male,Houston,27112.0,2022-08-30,70.0
1157,CUST2157,70,Female,Los Angeles,20672.0,2023-06-28,78.0
1158,CUST2158,17,Other,New York,106304.0,2022-02-19,43.0
1160,CUST2160,47,Male,Los Angeles,111503.0,2022-07-12,93.0
1161,CUST2161,43,Male,New York,120433.0,2022-10-28,79.0
1162,CUST2162,44,Female,Los Angeles,30310.0,2022-11-21,41.0
1163,CUST2163,61,Female,Houston,145409.0,2022-07-09,17.0
1165,CUST2165,34,Female,New York,76427.0,2023-06-03,33.0
1166,CUST2166,82,Male,Los Angeles,25074.0,2023-03-20,95.0
1167,CUST2167,48,Male,Los Angeles,43677.0,2022-01-29,13.0
1168,CUST2168,29,Male,Los Angeles,52390.0,2022-06-04,50.0
1169,CUST2169,21,Female,New York,37758.0,2022-11-24,36.0
1170,CUST2170,21,Female,Houston,42491.0,2022-06-20,87.0
1172,CUST2172,20,Female,Houston,71219.0,2023-06-03,95.0
1173,CUST2173,64,Other,Houston,84013.0,2023-06-06,28.0
1175,CUST2175,19,Female,New York,112997.0,2023-07-24,65.0
1176,CUST2176,67,Female,New York,20778.0,2023-01-23,32.0
1177,CUST2177,71,Female,Houston,33533.0,2022-04-29,12.0
1178,CUST2178,78,Female,Houston,21743.0,2022-11-04,15.0
1179,CUST2179,21,Other,Houston,39294.0,2023-04-25,95.0
1180,CUST2180,83,Male,Los Angeles,113706.0,2023-03-17,50.0
1181,CUST2181,45,Female,Houston,95704.0,2022-05-18,97.0
1182,CUST2182,48,Female,New York,71165.0,2023-03-22,26.0
1184,CUST2184,52,Male,Los Angeles,42583.0,2023-06-11,65.0
1185,CUST2185,65,Male,New York,84013.0,2022-08-16,4.0
1186,CUST2186,43,Female,Los Angeles,84013.0,2022-04-02,87.0
1188,CUST2188,34,Male,Houston,148362.0,2023-03-31,47.0
1189,CUST2189,86,Female,Houston,113112.0,2022-06-14,17.0
1190,CUST2190,41,Other,Los Angeles,84013.0,2022-05-09,5.0
1192,CUST2192,54,Female,New York,84013.0,2022-11-28,84.0
1195,CUST2195,80,Male,New York,133533.0,2022-07-16,32.0
1196,CUST2196,150,Other,Houston,26119.0,2023-11-06,90.0
1197,CUST1497,73,Male,New York,123961.0,2022-10-04,49.0
1198,CUST2198,66,Other,Houston,84013.0,2022-07-07,67.0
1199,CUST2199,36,Male,New York,91860.0,2023-01-14,43.0
1200,CUST2200,37,Female,New York,43816.0,2023-04-11,48.0
1201,CUST2201,74,Female,Los Angeles,134269.0,2022-09-03,69.0
1202,CUST2202,81,Female,Los Angeles,139100.0,2022-05-11,2.0
1203,CUST2203,45,Male,Houston,54525.0,2022-11-01,34.0
1204,CUST2204,41,Female,New York,51809.0,2023-06-29,37.0
1206,CUST2206,80,Other,New York,71628.0,2023-09-21,16.0
1207,CUST2207,23,Female,Los Angeles,102155.0,2023-01-17,65.0
1208,CUST2208,61,Female,Los Angeles,121043.0,2022-11-15,95.0
1209,CUST2209,35,Female,Houston,124200.0,2022-05-28,37.0
1210,CUST2210,89,Female,Los Angeles,58047.0,2022-09-28,93.0
1212,CUST2212,40,Female,Los Angeles,51479.0,2022-08-15,84.0
1213,CUST2213,61,Other,Houston,136582.0,2023-10-10,72.0
1214,CUST2214,19,Male,New York,54826.0,2023-07-16,99.0
1215,CUST2215,61,Other,Los Angeles,116210.0,2022-03-10,68.0
1216,CUST2216,47,Other,Houston,133881.0,2023-06-11,59.0
1217,CUST2217,78,Female,Los Angeles,135909.0,2023-11-10,41.0
1218,CUST2218,76,Male,New York,80395.0,2023-01-16,24.0
1219,CUST2219,58,Other,Houston,131416.0,2022-04-06,25.0
1220,CUST2220,19,Female,New York,71432.0,2022-06-02,63.0
1221,CUST2221,60,Other,Los Angeles,126298.0,2023-07-02,39.0
1222,CUST2222,65,Female,Los Angeles,84013.0,2023-05-14,56.0
1223,CUST2223,84,Female,Los Angeles,137684.0,2022-10-11,4.0
1224,CUST2224,34,Male,New York,128548.0,2022-12-31,83.0
1225,CUST2225,57,Male,Houston,84013.0,2022-05-06,98.0
1226,CUST2226,53,Female,Houston,97909.0,2023-07-21,55.0
1227,CUST2227,25,Male,Los Angeles,90754.0,2022-09-09,25.0
1228,CUST2228,43,Other,New York,130599.0,2023-09-07,45.0
1229,CUST2229,67,Female,Houston,130648.0,2022-12-28,86.0
1231,CUST2231,22,Male,New York,24046.0,2023-12-31,88.0
1232,CUST2232,64,Female,Los Angeles,80950.0,2022-10-20,80.0
1233,CUST2233,65,Female,New York,39391.0,2022-06-23,48.0
1234,CUST2234,73,Female,Houston,73292.0,2022-04-06,7.0
1235,CUST2235,37,Female,New York,56791.0,2022-08-28,22.0
1236,CUST2236,16,Female,Los Angeles,117728.0,2022-03-27,37.0
1237,CUST2237,71,Male,Los Angeles,110740.0,2022-11-12,83.0
1238,CUST2238,43,Female,Los Angeles,106358.0,2022-07-03,48.0
1239,CUST2239,70,Male,Los Angeles,140667.0,2023-08-23,12.0
1240,CUST2240,73,Female,Houston,115531.0,2022-09-25,24.0
1242,CUST2242,78,Other,Los Angeles,125531.0,2023-07-06,48.0
1244,CUST2244,89,Female,New York,127291.0,2022-06-10,89.0
1245,CUST2245,64,Female,Los Angeles,52628.0,2022-12-22,70.0
1246,CUST2246,57,Female,Los Angeles,141356.0,2022-09-24,43.0
1247,CUST2247,32,Male,Houston,84013.0,2022-08-04,87.0
1248,CUST2248,150,Male,Los Angeles,40000.0,2023-10-21,46.0
1249,CUST2249,44,Other,Houston,22723.0,2023-07-30,71.0
1250,CUST1400,34,Female,Houston,60205.0,2023-06-15,59.0
1251,CUST2251,53,Male,New York,116742.0,2022-11-02,51.0
1252,CUST2252,50,Female,New York,21729.0,2022-06-28,72.0
1254,CUST2254,59,Male,New York,30603.0,2022-11-29,91.0
1255,CUST2255,75,Female,Los Angeles,105550.0,2023-05-29,46.0
1256,CUST2256,58,Male,New York,56619.0,2023-03-06,92.0
1257,CUST2257,65,Male,Houston,61355.0,2022-10-29,88.0
1258,CUST2258,85,Male,Los Angeles,105639.0,2022-11-09,4.0
1259,CUST2259,54,Other,Houston,82992.0,2022-10-08,92.0
1260,CUST2260,48,Female,New York,78182.0,2023-06-06,70.0
1261,CUST2261,32,Female,Los Angeles,64684.0,2023-09-17,8.0
1262,CUST2262,37,Other,Houston,115258.0,2022-02-08,6.0
1263,CUST2263,71,Female,Houston,135138.0,2022-03-29,20.0
1264,CUST2264,53,Other,Houston,85264.0,2023-04-05,26.0
1265,CUST2265,44,Male,Houston,46108.0,2022-12-31,1.0
1267,CUST2267,17,Female,Los Angeles,84013.0,2022-03-19,34.0
1268,CUST2268,79,Female,Houston,28258.0,2022-04-27,62.0
1270,CUST2270,70,Female,New York,140753.0,2023-11-04,35.0
1271,CUST2271,89,Female,Houston,65396.0,2023-10-19,45.0
1272,CUST2272,57,Male,New York,61359.0,2022-04-14,48.0
1273,CUST2273,53,Female,Los Angeles,118223.0,2022-06-06,5.0
1275,CUST2275,35,Male,Los Angeles,64600.0,2023-02-27,46.0
1276,CUST2276,54,Male,Los Angeles,26372.0,2022-05-15,81.0
1277,CUST2277,85,Female,Los Angeles,58070.0,2022-07-25,34.0
1278,CUST2278,39,Female,Los Angeles,69616.0,2022-06-18,100.0
1279,CUST2279,88,Male,New York,67270.0,2022-11-20,97.0
1280,CUST2280,42,Other,Houston,125356.0,2022-11-18,88.0
1281,CUST2281,36,Male,New York,129502.0,2023-02-11,62.0
1282,CUST2282,75,Female,Houston,86936.0,2022-02-15,72.0
1283,CUST2283,32,Other,Los Angeles,84013.0,2022-07-19,24.0
1284,CUST2284,64,Other,New York,37048.0,2022-07-22,44.0
1285,CUST2285,34,Female,New York,64788.0,2022-02-05,78.0
1286,CUST2286,57,Female,New York,45995.0,2023-04-26,11.0
1287,CUST2287,78,Female,New York,86439.0,2022-01-28,25.0
1288,CUST2288,88,Other,New York,27559.0,2022-01-11,96.0
1289,CUST2289,59,Male,Houston,105216.0,2022-09-02,13.0
1291,CUST2291,81,Female,Los Angeles,26427.0,2023-03-30,15.0
1292,CUST2292,43,Female,New York,36378.0,2022-02-01,60.0
1293,CUST2293,77,Female,Houston,135678.0,2022-04-09,2.0
1294,CUST2294,66,Other,Houston,80048.0,2023-07-22,39.0
1295,CUST2295,50,Male,Los Angeles,73500.0,2023-06-18,15.0
1296,CUST2296,25,Female,Houston,145249.0,2023-02-10,72.0
1297,CUST2297,31,Female,Houston,110918.0,2023-10-18,69.0
1298,CUST2298,25,Other,Los Angeles,54015.0,2022-09-19,64.0
1299,CUST2299,39,Female,Los Angeles,134929.0,2022-07-18,57.0
1301,CUST2301,88,Other,New York,106125.0,2022-08-07,27.0
1302,CUST2302,47,Female,Los Angeles,76158.0,2022-08-28,38.0
1303,CUST2303,65,Male,Los Angeles,149732.0,2023-06-19,87.0
1304,CUST2304,77,Male,Los Angeles,119008.0,2022-09-18,55.0
1305,CUST2305,73,Female,New York,89036.0,2022-09-30,9.0
1306,CUST2306,73,Female,Los Angeles,109353.0,2023-03-31,17.0
1307,CUST2307,59,Male,Los Angeles,129167.0,2023-06-17,36.0
1309,CUST2309,22,Female,New York,84013.0,2023-03-19,10.0
1310,CUST2310,17,Male,Los Angeles,41473.0,2022-09-11,74.0
1311,CUST2311,79,Male,New York,77945.0,2023-06-29,24.0
1312,CUST2312,33,Female,New York,129576.0,2022-01-22,44.0
1313,CUST2313,49,Male,Los Angeles,124008.0,2022-04-17,43.0
1314,CUST2314,63,Female,Los Angeles,57994.0,2022-09-22,46.0
1316,CUST2316,150,Female,New York,25551.0,2022-01-16,62.0
1317,CUST2317,65,Female,New York,76314.0,2023-01-15,12.0
1318,CUST2318,57,Male,New York,46815.0,2022-04-26,45.0
1319,CUST2319,69,Female,Los Angeles,75286.0,2022-06-21,63.0
1321,CUST2321,47,Male,Los Angeles,121050.0,2023-01-07,70.0
1323,CUST2323,25,Female,Los Angeles,84013.0,2023-08-16,69.0
1324,CUST2324,62,Female,New York,128990.0,2022-05-25,46.0
1325,CUST2325,70,Female,New York,143521.0,2023-11-10,15.0
1326,CUST2326,38,Other,New York,43632.0,2023-10-24,9.0
1328,CUST2328,49,Female,Los Angeles,140651.0,2022-05-29,68.0
1330,CUST2330,54,Female,New York,104141.0,2023-03-27,90.0
1331,CUST2331,57,Female,Los Angeles,139994.0,2023-04-25,59.0
1332,CUST2332,57,Female,New York,81278.0,2022-11-20,69.0
1333,CUST2333,61,Female,Los Angeles,107578.0,2023-12-14,10.0
1335,CUST2335,46,Male,Houston,84013.0,2023-11-03,78.0
1336,CUST2336,77,Male,New York,132470.0,2022-03-04,22.0
1337,CUST2337,42,Male,New York,68017.0,2023-12-27,55.0
1338,CUST2338,52,Female,Houston,147087.0,2023-09-29,94.0
1340,CUST2340,33,Male,Los Angeles,77170.0,2022-10-03,17.0
1341,CUST2341,82,Other,Houston,120627.0,2022-06-15,79.0
1342,CUST2342,50,Female,Houston,22378.0,2022-06-11,14.0
1343,CUST2343,17,Female,Houston,60331.0,2022-08-02,83.0
1344,CUST2344,67,Male,New York,32367.0,2022-02-17,94.0
1345,CUST2345,81,Female,New York,33810.0,2022-07-14,4.0
1346,CUST2346,88,Other,New York,64877.0,2023-03-24,7.0
1347,CUST2347,25,Male,New York,56441.0,2023-08-06,81.0
1348,CUST2348,22,Female,New York,23183.0,2022-05-21,38.0
1349,CUST2349,61,Female,Houston,125722.0,2022-10-09,100.0
1350,CUST2350,89,Female,New York,98831.0,2023-12-27,84.0
1351,CUST2351,39,Female,Houston,45596.0,2022-12-05,38.0
1352,CUST2352,53,Female,Houston,122029.0,2023-11-22,76.0
1354,CUST2354,39,Female,Los Angeles,112861.0,2022-04-04,15.0
1355,CUST2355,65,Female,New York,97243.0,2023-05-04,40.0
1356,CUST2356,72,Female,New York,77384.0,2022-10-10,98.0
1357,CUST2357,69,Other,Houston,61974.0,2023-04-24,3.0
1358,CUST2358,67,Other,Los Angeles,118906.0,2022-12-05,73.0
1360,CUST2360,31,Male,Los Angeles,141972.0,2023-02-22,31.0
1361,CUST2361,48,Female,New York,108936.0,2022-07-24,91.0
1362,CUST2362,81,Female,Houston,22340.0,2023-11-27,51.0
1363,CUST2363,51,Female,New York,130549.0,2022-03-16,13.0
1364,CUST2364,47,Female,Los Angeles,107830.0,2023-09-19,23.0
1365,CUST2365,40,Male,Los Angeles,33413.0,2023-10-23,44.0
1366,CUST2366,57,Female,Los Angeles,20434.0,2023-10-24,73.0
1367,CUST2367,55,Male,Los Angeles,26445.0,2022-06-06,62.0
1368,CUST2368,19,Female,Los Angeles,53518.0,2023-11-22,59.0
1369,CUST2369,42,Other,Houston,94273.0,2022-12-24,10.0
1370,CUST2370,86,Female,New York,59256.0,2023-01-13,45.0
1371,CUST2371,76,Female,Houston,72826.0,2023-08-18,39.0
1372,CUST2372,79,Female,New York,55481.0,2022-06-18,94.0
1375,CUST2375,81,Male,Los Angeles,74979.0,2023-11-06,59.0
1376,CUST2376,27,Other,Los Angeles,33019.0,2023-08-08,33.0
1377,CUST2377,17,Female,Los Angeles,21044.0,2022-05-26,23.0
1378,CUST2378,33,Male,New York,33738.0,2022-07-22,48.0
1379,CUST2379,61,Male,Houston,128231.0,2022-08-03,4.0
1380,CUST2380,82,Female,Los Angeles,111066.0,2023-01-16,59.0
1381,CUST2381,52,Female,Los Angeles,49924.0,2022-10-17,3.0
1382,CUST2382,67,Male,New York,21007.0,2022-07-23,8.0
1383,CUST2383,70,Female,New York,82386.0,2023-08-10,49.0
1384,CUST2384,32,Female,New York,84013.0,2023-11-02,29.0
1385,CUST2385,60,Male,New York,43803.0,2023-04-29,97.0
1386,CUST2386,62,Female,Houston,81835.0,2023-04-18,57.0
1387,CUST2387,67,Male,New York,85244.0,2023-10-21,34.0
1388,CUST2388,78,Female,Los Angeles,80242.0,2022-12-07,51.0
1390,CUST2390,86,Female,New York,104866.0,2023-10-15,64.0
1391,CUST2391,65,Other,Houston,70505.0,2022-01-16,98.0
1392,CUST2392,47,Female,Los Angeles,72209.0,2022-12-02,86.0
1393,CUST2393,150,Female,Houston,119844.0,2023-11-24,65.0
1394,CUST2394,150,Male,Los Angeles,98020.0,2022-07-30,39.0
1395,CUST2395,27,Other,Houston,84013.0,2023-08-11,73.0
1396,CUST2396,33,Female,Houston,106608.0,2022-05-02,86.0
1397,CUST2397,41,Female,Houston,82773.0,2022-05-27,75.0
1398,CUST2398,83,Female,New York,30723.0,2023-12-27,24.0
1399,CUST2399,53,Other,Los Angeles,130528.0,2023-04-04,58.0
1400,CUST2400,68,Male,Houston,72687.0,2023-02-23,66.0
1401,CUST2401,23,Male,Los Angeles,84013.0,2023-06-28,62.0
1402,CUST2402,19,Male,Houston,98041.0,2023-10-19,71.0
1403,CUST2403,28,Male,New York,72119.0,2023-03-19,66.0
1404,CUST2404,85,Other,New York,48984.0,2023-03-15,24.0
1405,CUST2405,150,Female,Houston,63685.0,2023-07-19,23.0
1407,CUST2407,71,Female,Houston,57236.0,2023-09-23,90.0
1408,CUST2408,35,Male,New York,125936.0,2023-10-21,18.0
1409,CUST2409,78,Female,Los Angeles,55945.0,2022-10-20,100.0
1410,CUST2410,78,Male,Houston,84013.0,2023-11-23,100.0
1411,CUST2411,36,Male,Los Angeles,128684.0,2023-09-03,45.0
1412,CUST2412,62,Female,Los Angeles,95559.0,2023-10-15,49.0
1413,CUST2413,43,Male,Houston,84013.0,2023-07-14,4.0
1414,CUST2414,86,Male,Houston,84013.0,2022-11-15,81.0
1415,CUST2415,49,Female,Houston,84013.0,2022-06-20,20.0
1416,CUST2416,74,Other,Los Angeles,122620.0,2022-03-15,49.0
1417,CUST2417,77,Male,Los Angeles,47999.0,2022-12-20,91.0
1418,CUST2418,24,Male,New York,119873.0,2022-01-15,70.0
1419,CUST2419,87,Male,Los Angeles,43496.0,2023-12-06,61.0
1420,CUST2420,77,Other,Houston,147444.0,2022-05-27,69.0
1421,CUST2421,35,Male,Los Angeles,47529.0,2022-02-15,13.0
1422,CUST2422,48,Male,Los Angeles,106244.0,2023-11-12,7.0
1423,CUST2423,83,Female,Houston,96605.0,2022-08-04,5.0
1424,CUST2424,31,Female,Los Angeles,21076.0,2022-01-12,97.0
1426,CUST2426,34,Female,Houston,145649.0,2022-01-24,4.0
1427,CUST2427,66,Male,New York,84013.0,2023-06-17,95.0
1428,CUST2428,39,Female,New York,102938.0,2022-09-14,74.0
1430,CUST2430,71,Other,Houston,140426.0,2023-07-01,55.0
1432,CUST2432,28,Male,Los Angeles,114996.0,2023-04-21,4.0
1433,CUST2433,50,Female,Los Angeles,132344.0,2022-06-20,88.0
1434,CUST2434,32,Female,Los Angeles,84013.0,2022-10-24,90.0
1435,CUST2435,79,Male,Los Angeles,144925.0,2022-11-02,12.0
1436,CUST2436,51,Female,New York,84013.0,2023-07-15,18.0
1437,CUST2437,80,Female,New York,141035.0,2022-05-11,65.0
1438,CUST2438,60,Other,New York,41366.0,2022-04-15,61.0
1440,CUST2440,60,Other,New York,59051.0,2022-12-01,87.0
1441,CUST2441,42,Female,Los Angeles,55354.0,2023-10-04,96.0
1442,CUST2442,76,Female,Los Angeles,102877.0,2023-10-18,18.0
1445,CUST2445,50,Female,New York,37957.0,2023-08-09,17.0
1446,CUST2446,39,Other,Houston,82715.0,2022-10-29,35.0
1447,CUST2447,70,Female,Los Angeles,122784.0,2023-03-19,49.0
1448,CUST2448,17,Female,New York,115230.0,2023-10-22,12.0
1449,CUST2449,62,Male,Houston,89002.0,2023-06-04,40.0
1450,CUST2450,52,Female,Houston,36665.0,2023-02-19,87.0
1452,CUST2452,76,Male,Los Angeles,104744.0,2022-08-07,78.0
1453,CUST2453,24,Female,Houston,57602.0,2022-07-30,6.0
1454,CUST2454,51,Other,Los Angeles,74854.0,2023-11-27,7.0
1455,CUST2455,37,Female,New York,105486.0,2022-06-10,84.0
1456,CUST2456,81,Male,Los Angeles,128632.0,2022-03-15,97.0
1457,CUST2457,38,Male,Houston,21508.0,2022-04-25,20.0
1458,CUST2458,53,Female,New York,84013.0,2022-10-06,99.0
1459,CUST2459,48,Female,New York,112070.0,2022-07-13,71.0
1460,CUST2460,64,Female,Los Angeles,54783.0,2023-03-15,37.0
1461,CUST2461,54,Female,Los Angeles,56902.0,2022-01-03,46.0
1462,CUST2462,67,Other,New York,43184.0,2023-05-12,19.0
1463,CUST2463,82,Other,Houston,123976.0,2023-01-04,72.0
1466,CUST2466,64,Female,New York,60485.0,2022-08-10,83.0
1467,CUST2467,45,Female,New York,29865.0,2023-11-12,76.0
1469,CUST2469,83,Male,Los Angeles,129144.0,2022-03-08,42.0
1471,CUST2471,84,Other,Houston,79212.0,2023-09-26,28.0
1472,CUST2472,22,Female,New York,139154.0,2023-05-08,17.0
1473,CUST2473,22,Male,New York,134429.0,2022-03-21,4.0
1474,CUST2474,25,Other,Houston,104909.0,2023-12-18,3.0
1475,CUST2475,36,Female,Los Angeles,53555.0,2022-05-08,64.0
1476,CUST2476,76,Male,Houston,130069.0,2022-04-26,90.0
1477,CUST2477,66,Other,Houston,129485.0,2023-06-05,48.0
1478,CUST2478,82,Female,Houston,131993.0,2022-06-30,82.0
1479,CUST2479,84,Male,Los Angeles,84013.0,2023-07-04,87.0
1480,CUST2480,67,Female,New York,84013.0,2022-10-10,32.0
1481,CUST2481,31,Female,Los Angeles,129204.0,2023-06-26,25.0
1482,CUST2482,26,Male,Los Angeles,67973.0,2022-11-10,47.0
1483,CUST2483,38,Female,New York,64682.0,2022-02-28,35.0
1484,CUST2484,64,Male,New York,34061.0,2023-05-22,31.0
1485,CUST2485,85,Female,Los Angeles,82590.0,2023-09-09,97.0
1486,CUST2486,76,Other,New York,39959.0,2023-01-02,69.0
1489,CUST2489,42,Male,Los Angeles,63861.0,2022-04-01,76.0
1490,CUST2490,83,Male,Houston,43698.0,2022-07-19,77.0
1491,CUST2491,63,Female,New York,83765.0,2023-09-16,26.0
1492,CUST2492,81,Female,New York,130846.0,2022-11-28,30.0
1493,CUST2493,64,Female,New York,72430.0,2022-05-19,36.0
1494,CUST2494,30,Male,Houston,135289.0,2023-02-05,52.0
1495,CUST2495,78,Female,New York,42001.0,2023-01-25,54.0
1496,CUST2496,33,Female,Houston,63038.0,2023-12-29,77.0
1497,CUST2497,45,Other,Houston,75659.0,2022-09-23,75.0
